1	#	CAMINHO NO XML	CAMPO	REGRAS DE NEGÓCIO PARA A NOTA FISCAL DE SERVIÇO ELETRÔNICA DO  \n SISTEMA NACIONAL NFS-e							EMISSORES PÚBLICOS NACIONAIS NFS-e \n (SEFIN, WEB, APP)			
2												NFS-e EMITIDA SOB CONDIÇÕES DE  \n DECISÃO JUDICIAL OU ADMINISTRATIVA (cStat = 102) \n RNs EXECUTADAS NA GERAÇÃO DE NFS-e PELOS \n EMISSORES PÚBLICOS NACIONAIS (SEFIN, WEB, APP) \n RNs EXECUTADAS (V) \n RNs NÃO EXECUTADAS (X)	RNs EXECUTADAS  \n NA RECEPÇÃO DE NFS-e COMPARTILHADAS  \n PELOS MUNICÍPIOS COM O  \n ADN NFS-e (V)  \n E \n RNs NÃO EXECUTADAS (X)	NFS-e EMITIDAS SOB CONDIÇÕES DE DECISÃO JUDICIAL OU ADMINISTRATIVA (cStat = 102) \n RNs EXECUTADAS  \n NA RECEPÇÃO DE NFS-e COMPARTILHADAS  \n PELOS MUNICÍPIOS COM O  \n ADN NFS-e (V) E \n RNs NÃO EXECUTADAS (X)
3							EFEITO	CÓD. ERRO	MSG. ERRO
4		-	NFS-e	-			-	-	-	-	-	-	-	-	-
5		NFSe/	versao	Prazo de aceitação da versão do leiaute NFS-e ultrapassado.			Rej.	E1260	O prazo de aceitação da versão do leiaute da NFS-e expirou.	1	V	V	V	V	-
6		NFSe/	infNFSe	-			-	-	-	-	-	-	-	-	-
7		NFSe/infNFSe/	id	O identificador da NFS-e é formado conforme a concatenação dos seguintes campos: \n "NFS" + Cód.Mun. (7) + Amb.Ger. (1) + Tipo de Inscrição Federal (1) + Inscrição Federal (14 - CPF completar com 000 à esquerda) + nNFSe (13) + AnoMes Emis. (4) + Cód.Num. (9) + DV (1) \n  \n Verificar se tipo de inscrição e inscrição, informados no identificador da NFS-e, estão corretamente correspondidos conforme o seguinte: \n  \n Tipo de inscrição Federal = 1 / Inscrição Federal = CPF emitente da NFS-e; \n Tipo de inscrição Federal = 2 / Inscrição Federal = CNPJ emitente da NFS-e; \n  \n Cód.Mun.Emi. é o código do município do endereço do emitente da NFS-e."			Rej.	E1263	Conteúdo informado no identificador da NFS-e difere da concatenação dos campos correspondentes que formam o identificador.	1	V	V	V	V	-
8							Rej.	E1268	Chave de acesso informada para a NFS-e já foi compartilhada com o ADN.	1	V	V	V	V	-
9		NFSe/infNFSe/	xLocEmi	-			-	-	-	-	-	-	-	-	-
10		NFSe/infNFSe/	xLocPrestacao	-			-	-	-	-	-	-	-	-	-
11		NFSe/infNFSe/	nNFSe	-			-	-	-	-	-	-	-	-	-
12		NFSe/infNFSe/	cLocIncid	Não é permitido informar o código do local de incidência quando o serviço prestado for imune, exportação de serviço ou não incidência do ISSQN sobre o serviço prestado, ou seja, o campo referente à tributação do ISSQN (tribISSQN) é igual a "2 - Imunidade, "3 - Exportação de Serviço" ou "4 - Não Incidência", (tribISSQN = 2, 3 ou 4).			Rej.	E1301	Não é permitido informar o código do local de incidência quando o campo referente à tributação do ISSQN indicar imunidade, exportação ou não incidência.	1	V	X	V	X	-
13							Rej.	E1305	É obrigatório informar  o código do local de incidência quando o campo referente à tributação do ISSQN indicar Operação Tributável.	1	V	V	V	V	-
14							Rej.	E1309	O código do local de incidência do ISSQN não existe conforme a tabela de municípios IBGE ou tabela de concessões de rodovia ou tabela de localidade geral no ANEXO_A-MUNICIPIO_IBGE-PAISES_ISO2-SNNFSe.	1	V	V	V	V	-
15							Rej.	E1313	A localidade de incidência para o ISSQN deve corresponder ao município do estabelecimento/domicílio do prestador do serviço, quando não for informado o código de tributação nacional (cTribNac) 200101, da lista nacional de serviços do Sistema Nacional NFS-e, e a localidade de prestação do serviço corresponder a "Águas Marítimas" (0000000).	2	V	X	V	X	-
16							Rej.	E1317	O local de incidência do ISSQN deve ser igual ao município da prestação do serviço (NFSe/infNFSe/DPS/infDPS/serv/locPrest/cLocPrestacao) \n  do serviço informado na NFS-e compartilhada pelo município, quando informado qualquer código de tributação nacional cuja regra de incidência indique o local da prestação, conforme a tabela MUN.INCID_INFO.SERV. do ANEXO_I-SEFIN_ADN-DPS_NFSe-SNNFSe.	2	V	X	V	X	-
17							Rej.	E1321	O local de incidência do ISSQN deve ser igual ao município do endereço do tomador do serviço informado na NFS-e compartilhada pelo município (NFSe/infNFSe/DPS/infDPS/toma/end/endNac/cMun).	2	V	X	V	X	-
18							Rej.	E1325	O local de incidência do ISSQN deve ser igual ao município do endereço do prestador (NFSe/infNFSe/DPS/infDPS/prest/end/endNac/cMun) \n do serviço informado na NFS-e compartilhada pelo município, quando informado qualquer código de tributação nacional cuja regra de incidência indique o município do estabelecimento do prestador, conforme a tabela MUN.INCID_INFO.SERV. do ANEXO_I-SEFIN_ADN-DPS_NFSe-SNNFSe.	2	V	X	V	X	-
19		NFSe/infNFSe/	xLocIncid	É obrigatório informar a descrição do local de incidência quando o código do local de incidência (cLocIncid) for informado.			Rej.	E1327	É obrigatório informar a descrição do local de incidência quando o código do local de incidência (cLocIncid) for informado.	1	V	V	V	V	-
20							Rej.	E1329	Não é permitido informar a descrição do local de incidência quando o código do local de incidência (cLocIncid) não for informado.	1	V	V	V	V	-
21		NFSe/infNFSe/	xTribNac	-			-	-	-	-	-	-	-	-	-
22		NFSe/infNFSe/	xTribMun	-			-	-	-	-	-	-	-	-	-
23		NFSe/infNFSe/	xNBS	-			-	-	-	-	-	-	-	-	-
24		NFSe/infNFSe/	verAplic	-			-	-	-	-	-	-	-	-	-
25		NFSe/infNFSe/	ambGer	Verificar se o ambiente gerador da NFS-e está de acordo com a definição: \n 1- Sistema Próprio do Município, para as NFS-e compartilhadas pelo município para o ADN, ou \n 2 - Sefin Nacional NFS-e, para as NFS-e emitidas pela Sefin ou recepcionadas via API "Bypass".			Rej.	E1274	O ambiente gerador da NFS-e não está de acordo com a definição 1 (Sistema Próprio do Município) ou 2 (Sefin Nacional).	1	V	V	V	V	-
26		NFSe/infNFSe/	tpEmis	-			-	-	-	-	-	-	-	-	-
27		NFSe/infNFSe/	procEmi	Os emissores públicos nacionais devem gerar a NFS-e informando qual o processo de emissão: \n  \n 1 - Emissão com aplicativo do contribuinte (via Web Service); \n 2 - Emissão com aplicativo disponibilizado pelo fisco (Web); \n 3 - Emissão com aplicativo disponibilizado pelo fisco (App); \n  \n Verificar se a NFS-e compartilhada pelo município preencheu alguma informação para o processo de emissão.  \n Este campo não deve ser informado em NFS-e compartilhada com o ADN NFS-e.			Rej.	E1276	A informação do processo de emissão de NFS-e é exclusiva para notas emitidas pela Sefin Nacional NFS-e. O município não deve informar este campo nas NFS-e compartilhadas com o ADN NFS-e.	1	V	V	V	V	-
28		NFSe/infNFSe/	cStat	-			-	-	-	-	-	-	-	-	-
29		NFSe/infNFSe/	dhProc	A data e hora do processamento (geração) da NFS-e deve ser anterior ou igual à data e hora da sua recepção pelo Sistema Nacional NFS-e.			Rej.	E1278	A data e hora do processamento (geração) da NFS-e deve ser anterior ou igual à data da recepção pelo Sistema Nacional NFS-e.	1	V	V	V	V	-
30		NFSe/infNFSe/	nDFSe	-			-	-	-	-	-	-	-	-	-
31		NFSe/infNFSe/	emit	-			-	-	-	-					-
32		NFSe/infNFSe/emit/	CNPJ	Verificar se o CNPJ informado para o emitente da NFS-e é válido (verificar DV).			Rej.	E1280	CNPJ informado para o emitente da NFS-e é inválido (verificar DV).	1	V	V	V	V	-
33							Rej.	E1282	O CNPJ do emitente não corresponde ao CNPJ do informado conforme o tipo de emitente informado na DPS.	1	V	V	V	V
34		NFSe/infNFSe/emit/	CPF	Verificar se o CPF informado para o emitente da NFS-e é válido (verificar DV).			Rej.	E1284	CPF informado para o emitente da NFS-e é inválido (verificar DV).	1	V	V	V	V	-
35							Rej.	E1285	O CPF do emitente não corresponde ao CPF do informado conforme o tipo de emitente informado na DPS.	1	V	V	V	V
36		NFSe/infNFSe/emit/	IM	-			-	-	-	-	-	-	-	-	-
37		NFSe/infNFSe/emit/	xNome	-			-	-	-	-	-	-	-	-	-
38		NFSe/infNFSe/emit/	xFant	-			-	-	-	-	-	-	-	-	-
39		NFSe/infNFSe/emit/	enderNac	-			-	-	-	-					-
40		NFSe/infNFSe/emit/enderNac/	xLgr	-			-	-	-	-	-	-	-	-	-
41		NFSe/infNFSe/emit/enderNac/	nro	-			-	-	-	-	-	-	-	-	-
42		NFSe/infNFSe/emit/enderNac/	xCpl	-			-	-	-	-	-	-	-	-	-
43		NFSe/infNFSe/emit/enderNac/	xBairro	-			-	-	-	-	-	-	-	-	-
44		NFSe/infNFSe/emit/enderNac/	cMun	Verificar se o código do município do emitente da NFS-e corresponde ao código do município emissor (cLocEmi) informado na NFS-e.			Rej.	E1286	O código do município do emitente da NFS-e difere do código do municipio emissor informado na NFS-e.	1	V	V	V	V	-
45		NFSe/infNFSe/emit/enderNac/	UF	-			-	-	-	-	-	-	-	-	-
46		NFSe/infNFSe/emit/enderNac/	CEP	-			-	-	-	-	-	-	-	-	-
47		NFSe/infNFSe/emit/	fone	-			-	-	-	-	-	-	-	-	-
48		NFSe/infNFSe/emit/	email	-			-	-	-	-	-	-	-	-	-
49		NFSe/infNFSe/	valores	Exceto para o campo vLiq, não é permitido informar os demais campos do grupo valores quando o prestador é optante do simples nacional do tipo MEI (opSimpNac = 2).			Rej.	E1302	Exceto para o campo vLiq, não é permitido informar os demais campos do grupo valores para prestador de serviço optante do simples nacional do tipo MEI.	1	V	X	V	X
50							Rej.	E1303	Exceto para o campo vLiq, não é permitido informar os demais campos do grupo valores quando o campo referente à tributação do ISSQN indicar imunidade, exportação ou não incidência.	1	V	X	V	X
51							Rej.	E1307	Exceto para o campo vLiq, não é permitido informar os demais campos do grupo valores quando o prestador de serviço possui algum regime especial de tributação.	1	V	X	V	X
52							Rej.	E1311	Exceto para o campo vLiq, não é permitido informar os demais campos do grupo valores quando a exigibilidade da tributação do ISSQN estiver suspensa por decisão judicial ou administrativa.	1	V	X	V	X
53		NFSe/infNFSe/valores/	vCalcDR	vCalcDR é o valor monetário calculado a partir do percentual de dedução/redução da BC do ISSQN, informado pelo emitente no campo pDR da DPS. Este percentual é calculado sobre valor do serviço informado na DPS e o resultado calculado é o valor deste campo do leiaute NFS-e \n ou \n a soma dos valores de dedução/redução da BC do ISSQN, quando um ou mais documentos são informados nos campos vDeducaoReducao pelo emitente na DPS. Neste caso, o resultado do somatório é o valor deste campo do leiaute NFS-e.			Rej.	E1287	O valor calculado de dedução/redução não corresponde aos valores de (valor do serviço x percentual de dedução/redução), quando pDR é informado na DPS ou ao somatório dos valores do campo vDeducaoReducao, quando um ou mais documentos são informados para dedução/redução da base de cálculo do ISSQN.	1	V	X	V	X	-
54		NFSe/infNFSe/valores/	tpBM	-			-	-	-	-	-	-	-	-	-
55		NFSe/infNFSe/valores/	vCalcBM	vCalcBM é o valor mmonetário calculado a partir do percentual  de BM, que foi informada no campo pRedBCBM da DPS. Neste caso o percentual é aplicado sobre o valor do serviço informado na DPS e o resultado calculado é o valor deste campo do leiaute NFS-e.			Rej.	E1288	O valor calculado do percentual de reduçãõ da base de cálculo por Benefício Municipal não corresponde aos valores de (valor do serviço x percentual de benefício municipal), quando pRedBCBM é informado na DPS.	1	V	X	V	X	-
56		NFSe/infNFSe/valores/	vBC	O valor da base de cálculo do ISSQN (vBC) é calculado a partir de valores informados na NFS-e: \n  \n Valor da BC = Valor do serviço - Desconto incondicionado - Valores monetário de Dedução Redução - Valor monetário de Benerfício Municipal - Valor monetário total relativo ao fornecimento próprio de bens materiais ou relacionados a operações de terceiros, objeto de reembolso, repasse ou ressarcimento pelo recebedor \n  \n vBC = vServ - vDescIncond - (vDR ou vDeducaoReducao ou vCalcDR) - (vRedBCBM ou vCalcBM) - vCalcReeRepRes			Rej.	E1295	O valor da base cálculo deve ser igual ao valor do serviço menos desconto incondicionado e, valores monetários de dedução/redução e benefício municipal e valores relativos ao fornecimento próprio de bens materiais ou relacionados a operações de terceiros, objeto de reembolso, repasse ou ressarcimento pelo recebedor, informados na NFS-e.	1	V	X	V	X	-
57		NFSe/infNFSe/valores/					Rej.	E1297	O valor BC calculado não pode estar reduzida de forma que resulte para valor do ISSQN a uma alíquota efetiva menor que 2%, exceto para os códigos relativos aos subitens 042201, 042301, 050901, 070201, 070202, 070501 , 070502, 090201, 090202, 100101, 100102, 100103, 100104, 100105, 100201, 100202, 100301, 100401, 100402, 100403, 100501, 100502, 100601, 100701, 100801, 100901, 101001, 150101, 150102, 150103, 150104, 150105, 151001, 151002, 151003, 151004, 151005, 160101, 160102, 160103, 160104, 160201, 170501, 170601, 171001, 171002, 171101, 171102, 171201, 210101, 250301, da lista de serviços nacional do Sistema Nacional NFS-e.	2	V	X	V	X	O valor do desconto incondicionado, se informado na DPS, não é considerado para a redução do valor da BC de forma que resulte para valor do ISSQN a uma alíquota efetiva menor que 2%.
58		NFSe/infNFSe/valores/	pAliqAplic	Não é permitido informar alíquota aplicada superior a 5%.			Rej.	E1300	Não é permitido informar alíquota aplicada superior a 5%.	1	V	X	V	X	-
59		NFSe/infNFSe/valores/	vISSQN	O valor do ISSQN informado na NFS-e (vISSQN) deve ser igual ao produto da base de cálculo pela alíquota aplicada (vBC x pAliqAPlic).			Rej.	E1289	O produto do valor da base de cálculo pela alíquota aplicada, ambos informados na NFS-e compartilhada, não está de acordo com o resultado cálculado pelo sistema (vBC x pAliAplic).	1	V	X	V	X	-
60		NFSe/infNFSe/valores/	vTotalRet	O valor total da retenção da NFS-e não pode ser inferior a zero. \n  \n O valor total da retenção da NFS-e é calculado a partir de valores que constam na DPS através do seguinte cálculo: \n  \n Valor total de retenções (R$) = Σ(vRetCP + vRetIRRF+ vRetCSLL + ISSQN*) \n  \n vTotalRet = vRetCP + vRetIRRF + vRetCSLL + vISSQN*			Rej.	E1506	O valor total de tributos retidos da NFS-e não pode ser inferior a zero.	1	V	X	V	X	-
61		NFSe/infNFSe/valores/	vLiq	O valor líquido da NFS-e não pode ser inferior a zero. \n  \n O valor líquido da NFS-e é calculado a partir de valores que constam na DPS através do seguinte cálculo: \n  \n Valor líquido (R$) = Valor do serviço - Desconto condicionado - Desconto incondicionado - Valores retidos  \n   \n  VLiq = vServ – vDescIncond – vDescCond – vTotalRet			Rej.	E1508	O valor líquido da NFS-e não pode ser inferior a zero.	1	V	X	V	X	-
62		NFSe/infNFSe/	xOutInf	-			-	-	-	-	-	-	-	-	-
63		NFSe/infNFSe/	IBSCBS	Se o grupo de informações de IBS/CBS da DPS (NFSe/infNFSe/DPS/infDPS/IBSCBS/) for informado,  \n então o grupo de informações de IBS/CBS da NFS-e deve ser informado obrigatoriamente.			Rej.	E1515	É obrigatório informar o grupo de informações de IBS/CBS da NFS-e quando o grupo de informações de IBS/CBS da DPS for informado.	1	V	V	V	V	-
64							Rej.	E1517	Não é permitido informar o grupo de informações de IBS/CBS da NFS-e quando o grupo de informações de IBS/CBS da DPS não for informado.	1	V	V	V	V	-
65		NFSe/infNFSe/IBSCBS/	cLocalidadeIncid	O código da localidade de incidência informado deve estar de acordo com o código de indicador da operação. A tabela de indicadores das operações deve ser observada. (Anexo B). Para os casos de endereço no exterior, deve ser igual a "999999"			Rej.	E1521	Código da localidade de incidência diverge do que deveria ser informado de acordo com a tabela de indicador da operação.	1	V	V	V	V	-
66		NFSe/infNFSe/IBSCBS/	xLocalidadeIncid	-			-	-	-	1	
67		NFSe/infNFSe/IBSCBS/	pRedutor	O percentual redutor para compras governamentais só deve ser informando se tpEnteGov foi informado na DPS.			Rej.	E1522	O percentual redutor para compras governamentais (IBS/CBS) não deve ser informado.	1	V	V	V	V	-
68							Rej.	E1523	O percentual redutor para compras governamentais (IBS/CBS) deve ser informado.	1	V	V	V	V	-
69		NFSe/infNFSe/IBSCBS/	valores	-			-	-	-	-	-	-	-	-	-
70		NFSe/infNFSe/IBSCBS/valores/	vBC	O valor da base de cálculo do IBS/CBS (vBC) é calculado a partir de valores informados na NFS-e: \n  \n (de 01/01/2026 até 31/12/2026) \n vBC = vServ - descIncond – vCalcReeRepRes – vISSQN – vPIS - vCOFINS \n ou \n (de 01/01/2027 até 31/12/2032) \n vBC = vServ - descIncond – vCalcReeRepRes – vISSQN			Rej.	E1530	Valor da Base de cálculo para IBS/CBS incorreto.	1	V	V	V	V	-
71		NFSe/infNFSe/IBSCBS/valores/	vCalcReeRepRes	O valor objeto de reembolso, repasse ou ressarcimento já tributados que não integram da base de cálculo do ISSQN, do IBS e da CBS (vCalcReeRepRes) não deve ser informado se o grupo de documentos referenciados que irão compor o valor não foi informado na DPS.			Rej.	E1531	O valor objeto de reembolso, repasse ou ressarcimento já tributados que não integram da base de cálculo do ISSQN, do IBS e da CBS (vCalcReeRepRes) não deve ser informado.	1	V	V	V	V	-
72							Rej.	E1533	O valor objeto de reembolso, repasse ou ressarcimento já tributados que não integram da base de cálculo do ISSQN, do IBS e da CBS (vCalcReeRepRes) deve ser informado.	1	V	V	V	V	-
73							Rej.	E1534	O valor objeto de reembolso, repasse ou ressarcimento já tributados que não integram da base de cálculo do ISSQN, do IBS e da CBS (vCalcReeRepRes) deve ser menor que o valor do serviço prestado.	1	V	V	V	V	-
74							Rej.	E1535	O valor objeto de reembolso, repasse ou ressarcimento já tributados que não integram da base de cálculo do ISSQN, do IBS e da CBS (vCalcReeRepRes) incorreto.	1	V	V	V	V	-
75		NFSe/infNFSe/IBSCBS/valores/	uf	-			-	-	-	-	-	-	-	-	-
76		NFSe/infNFSe/IBSCBS/valores/uf/	pIBSUF	A alíquota da UF para IBS deve ser igual ao valor IBSCBS/gIBSCBS/gIBSUF/pIBSUF retornado pela Calculadora			Rej.	E1539	Alíquota da UF para IBS incorreta.	1	V	V	V	V	CALCULADORA \n Margem de erro de R$ 0,01
77		NFSe/infNFSe/IBSCBS/valores/uf/	pRedAliqUF	O percentual redutor de alíquota para o IBS estadual não deve ser informado se o código da classificação tributária - cClassTribIBSCBS informado na DPS não possuir essa indicação.			Rej.	E1540	O percentual redutor de alíquota para o IBS estadual não deve ser informado para o código da classificação tributária - cClassTribIBSCBS informado na DPS.	1	V	V	V	V	-
78							Rej.	E1541	O percentual redutor de alíquota para o IBS estadual deve ser informado para o código da classificação tributária - cClassTribIBSCBS informado na DPS.	1	V	V	V	V	-
79							Rej.	E1543	O percentual redutor de alíquota para o IBS estadual informado difere do indicado para o o código da classificação tributária - cClassTribIBSCBS informado na DPS.	1	V	V	V	V	-
80							Rej.	E1557	Percentual redutor de alíquota para o IBS estadual incorreto.	1	V	V	V	V	CALCULADORA \n Margem de erro de R$ 0,01
81		NFSe/infNFSe/IBSCBS/valores/uf/	pAliqEfetUF	A alíquota efetiva da UF para IBS deve ser igual ao valor IBSCBS/gIBSCBS/gIBSUF/gRed/pAliqEfet retornado pela Calculadora			Rej.	E1577	Alíquota efetiva da UF para IBS incorreta.	1	V	V	V	V	CALCULADORA \n Margem de erro de R$ 0,01
82		NFSe/infNFSe/IBSCBS/valores/	mun	-			-	-	-	-	-	-	-	-	-
83		NFSe/infNFSe/IBSCBS/valores/mun/	pIBSMun	A alíquota do Município para IBS deve ser igual ao valor IBSCBS/gIBSCBS/gIBSMun/pIBSMun retornado pela Calculadora			Rej.	E1578	Alíquota do Município para IBS incorreta.	1	V	V	V	V	CALCULADORA \n Margem de erro de R$ 0,01
84		NFSe/infNFSe/IBSCBS/valores/mun/	pRedAliqMun	O percentual redutor de alíquota para o IBS municipal não deve ser informado se o código da classificação tributária - cClassTribIBSCBS informado na DPS não possuir essa indicação.			Rej.	E1545	O percentual redutor de alíquota para o IBS municipal não deve ser informado para o código da classificação tributária - cClassTribIBSCBS informado na DPS.	1	V	V	V	V	-
85							Rej.	E1546	O percentual redutor de alíquota para o IBS municipal deve ser informado para o código da classificação tributária - cClassTribIBSCBS informado na DPS.	1	V	V	V	V	-
86							Rej.	E1547	O percentual redutor de alíquota para o IBS municipal informado difere do indicado para o o código da classificação tributária - cClassTribIBSCBS informado na DPS.	1	V	V	V	V	-
87							Rej.	E1548	Percentual de redução de alíquota municipal incorreto.	1	V	V	V	V	CALCULADORA \n Margem de erro de R$ 0,01
88		NFSe/infNFSe/IBSCBS/valores/mun/	pAliqEfetMun	A alíquota efetiva do Município para IBS deve ser igual ao valor IBSCBS/gIBSCBS/gIBSMun/gRed/pAliqEfet retornado pela Calculadora			Rej.	E1549	Alíquota efetiva do Município para IBS incorreta.	1	V	V	V	V	CALCULADORA \n Margem de erro de R$ 0,01
89		NFSe/infNFSe/IBSCBS/valores/	fed	-			-	-	-	-	-	-	-	-	-
90		NFSe/infNFSe/IBSCBS/valores/fed/	pCBS	A alíquota da União para CBS deve ser igual ao valor IBSCBS/gIBSCBS/gCBS/pCBS retornado pela Calculadora			Rej.	E1558	Alíquota da União para CBS incorreta.	1	V	V	V	V	CALCULADORA \n Margem de erro de R$ 0,01
91		NFSe/infNFSe/IBSCBS/valores/fed/	pRedAliqCBS	O percentual redutor de alíquota para a CBS não deve ser informado se o código da classificação tributária - cClassTribIBSCBS informado na DPS não possuir essa indicação.			Rej.	E1550	O percentual redutor de alíquota para a CBS não deve ser informado para o código da classificação tributária - cClassTribIBSCBS informado na DPS.	1	V	V	V	V	-
92							Rej.	E1551	O percentual redutor de alíquota para a CBS deve ser informado para o código da classificação tributária - cClassTribIBSCBS informado na DPS.	1	V	V	V	V	-
93							Rej.	E1552	O percentual redutor de alíquota para a CBS informado difere do indicado para o o código da classificação tributária - cClassTribIBSCBS informado na DPS.	1	V	V	V	V	-
94							Rej.	E1553	Percentual redutor de alíquota para a CBS incorreto.	1	V	V	V	V	CALCULADORA \n Margem de erro de R$ 0,01
95		NFSe/infNFSe/IBSCBS/valores/fed/	pAliqEfetCBS	A alíquota efetiva da União para CBS deve ser igual ao valor IBSCBS/gIBSCBS/gCBS/gRed/pAliqEfet retornado pela Calculadora			Rej.	E1554	Alíquota efetiva da União para CBS incorreta.	1	V	V	V	V	CALCULADORA \n Margem de erro de R$ 0,01
96		NFSe/infNFSe/IBSCBS/	totCIBS	-			-	-	-	-	-	-	-	-	-
97		NFSe/infNFSe/IBSCBS/totCIBS/	vTotNF	O valor total da NFS-e considerando os impostos por fora (IBS e CBS) é calculado a partir dos valores informados na NFS-e: \n vTotNF = vLiq (em 2026) \n vTotNF = vLiq + vCBS + vIBSTot (a partir de 2027)			Rej.	E1555	Valor total da NFS-e está incorreto.	1	V	V	V	V	-
98		NFSe/infNFSe/IBSCBS/totCIBS/	gIBS	-			-	-	-	-	-	-	-	-	-
99		NFSe/infNFSe/IBSCBS/totCIBS/gIBS/	vIBSTot	 O valor total do IBS deve ser igual ao valor total/IBSCBSTot/vIBS retornado pela Calculadora			Rej.	E1556	Valor total do IBS incorreto.	1	V	V	V	V	CALCULADORA \n Margem de erro de R$ 0,01
100		NFSe/infNFSe/IBSCBS/totCIBS/gIBS/	gIBSCredPres	O grupo de crédito presumido para IBS não deve ser informado se o código do crédito presumido - cCredPres não foi informado na DPS.			Rej.	E1560	Grupo crédito presumido para IBS não deve ser informado.	1	V	V	V	V	-
101							Rej.	E1561	Grupo crédito presumido para IBS deve ser informado.	1	V	V	V	V	-
102		NFSe/infNFSe/IBSCBS/totCIBS/gIBS/gIBSCredPres/	pCredPresIBS	-			-	-	-	-	-	-	-	-	-
103		NFSe/infNFSe/IBSCBS/totCIBS/gIBS/gIBSCredPres/	vCredPresIBS	-			-	-	-	-	-	-	-	-	-
104		NFSe/infNFSe/IBSCBS/totCIBS/gIBS/	gIBSUFTot	-			-	-	-	-	-	-	-	-	-
105		NFSe/infNFSe/IBSCBS/totCIBS/gIBS/gIBSUFTot/	vDifUF	O valor do diferimento para o IBS estadual não deve ser informado se não foi informada, na DPS, a alíquota para o diferimento do IBS estadual - pDifUF.			Rej.	E1565	Valor do diferimento para o IBS estadual não deve ser informado.	1	V	V	V	V	-
106							Rej.	E1566	Valor do diferimento para o IBS estadual deve ser informado.	1	V	V	V	V	-
107							Rej.	E1567	Valor do diferimento para o IBS estadual incorreto.	1	V	V	V	V	CALCULADORA \n Margem de erro de R$ 0,01
108		NFSe/infNFSe/IBSCBS/totCIBS/gIBS/gIBSUFTot/	vIBSUF	 O valor total do IBS estadual deve ser igual ao valor total/IBSCBSTot/gIBSUF/vIBSUF retornado pela Calculadora			Rej.	E1568	Valor total do IBS estadual incorreto.	1	V	V	V	V	CALCULADORA \n Margem de erro de R$ 0,01
109		NFSe/infNFSe/IBSCBS/totCIBS/gIBS/	gIBSMunTot	-			-	-	-	-	-	-	-	-	-
110		NFSe/infNFSe/IBSCBS/totCIBS/gIBS/gIBSMunTot/	vDifMun	O valor do diferimento para o IBS municipal não deve ser informado se não foi informada, na DPS, a alíquota para o diferimento do IBS municipal - pDifMun.			Rej.	E1569	Valor do diferimento para o IBS municipal não deve ser informado.	1	V	V	V	V	-
111							Rej.	E1570	Valor do diferimento para o IBS municipal deve ser informado.	1	V	V	V	V	-
112							Rej.	E1571	Valor do diferimento para o IBS municipal incorreto.	1	V	V	V	V	CALCULADORA \n Margem de erro de R$ 0,01
113		NFSe/infNFSe/IBSCBS/totCIBS/gIBS/gIBSMunTot/	vIBSMun	 O valor total do IBS municipal deve ser igual ao valor total/IBSCBSTot/gIBSMun/vIBSUF retornado pela Calculadora			Rej.	E1572	Valor total do IBS municipal incorreto.	1	V	V	V	V	CALCULADORA \n Margem de erro de R$ 0,01
114		NFSe/infNFSe/IBSCBS/totCIBS/	gCBS	-			-	-	-	-	-	-	-	-	-
115		NFSe/infNFSe/IBSCBS/totCIBS/gCBS/	gCBSCredPres	O grupo de crédito presumido para CBS não deve ser informado se o código do crédito presumido - cCredPres não foi informado na DPS.			Rej.	E1575	Grupo crédito presumido para CBS não deve ser informado.	1	V	V	V	V	-
116							Rej.	E1576	Grupo crédito presumido para CBS deve ser informado.	1	V	V	V	V	-
117		NFSe/infNFSe/IBSCBS/totCIBS/gCBS/gCBSCredPres/	pCredPresCBS	-			-	-	-	-	-	-	-	-	-
118		NFSe/infNFSe/IBSCBS/totCIBS/gCBS/gCBSCredPres/	vCredPresCBS	-			-	-	-	-	-	-	-	-	-
119		NFSe/infNFSe/IBSCBS/totCIBS/gCBS/	vDifCBS	O valor do diferimento para a CBS não deve ser informado se foi não informada, na DPS, a alíquota para o diferimento da CBS - pDifCBS.			Rej.	E1570	Valor do diferimento para a CBS não deve ser informado.	1	V	V	V	V	-
120							Rej.	E1580	Valor do diferimento para a CBS deve ser informado.	1	V	V	V	V	-
121							Rej.	E1581	Valor do diferimento para a CBS incorreto.	1	V	V	V	V	CALCULADORA \n Margem de erro de R$ 0,01
122		NFSe/infNFSe/IBSCBS/totCIBS/gCBS/	vCBS	 O valor total da CBS da União deve ser igual ao valor total/IBSCBSTot/gCBS/vCBS retornado pela Calculadora			Rej.	E1582	Valor total da CBS da União incorreto.	1	V	V	V	V	CALCULADORA
123		NFSe/infNFSe/IBSCBS/totCIBS/	gTribRegular	 O grupo de tributação regular não deve ser informado se o indicador para tributação regular (exigeGrupoTributacaoRegular) para o código da classificação tributária - cClassTribIBSCBS for igual a false			Rej.	E1583	Grupo de tributação regular não deve ser informado para o cClassTribIBSCBS indicado.	1	V	V	V	V	CALCULADORA
124							Rej.	E1584	Grupo de tributação regular deve ser informado para o cClassTribIBSCBS indicado.	1	V	V	V	V	CALCULADORA \n Margem de erro de R$ 0,01
125		NFSe/infNFSe/IBSCBS/totCIBS/gTribRegular/	pAliqEfeRegIBSUF	 A alíquota efetiva de tributação regular do IBS estadual deve ser igual ao valor IBSCBS/gIBSCBS/gTribRegular/pAliqEfetRegIBSUF retornado pela Calculadora			Rej.	E1585	Alíquota efetiva de tributação regular do IBS estadual incorreta.	1	V	V	V	V	CALCULADORA \n Margem de erro de R$ 0,01
126		NFSe/infNFSe/IBSCBS/totCIBS/gTribRegular/	vTribRegIBSUF	 O valor da tributação regular do IBS estadual deve ser igual ao valor IBSCBS/gIBSCBS/gTribRegular/vTribRegIBSUF retornado pela Calculadora			Rej.	E1586	Valor da tributação regular do IBS estadual incorreto.	1	V	V	V	V	CALCULADORA \n Margem de erro de R$ 0,01
127		NFSe/infNFSe/IBSCBS/totCIBS/gTribRegular/	pAliqEfeRegIBSMun	 A alíquota efetiva de tributação regular do IBS municipal deve ser igual ao valor IBSCBS/gIBSCBS/gTribRegular/pAliqEfetRegIBSMun retornado pela Calculadora			Rej.	E1587	Alíquota efetiva de tributação regular do IBS municipal incorreta.	1	V	V	V	V	CALCULADORA \n Margem de erro de R$ 0,01
128		NFSe/infNFSe/IBSCBS/totCIBS/gTribRegular/	vTribRegIBSMun	 O valor da tributação regular do IBS municipal deve ser igual ao valor IBSCBS/gIBSCBS/gTribRegular/vTribRegIBSMun retornado pela Calculadora			Rej.	E1588	Valor da tributação regular do IBS municipal incorreto.	1	V	V	V	V	CALCULADORA \n Margem de erro de R$ 0,01
129		NFSe/infNFSe/IBSCBS/totCIBS/gTribRegular/	pAliqEfeRegCBS	 A alíquota efetiva de tributação regular da CBS deve ser igual ao valor IBSCBS/gIBSCBS/gTribRegular/pAliqEfetRegCBS retornado pela Calculadora			Rej.	E1589	Alíquota efetiva de tributação regular da CBS incorreta.	1	V	V	V	V	CALCULADORA \n Margem de erro de R$ 0,01
130		NFSe/infNFSe/IBSCBS/totCIBS/gTribRegular/	vTribRegCBS	 O valor da tributação regular da CBS deve ser igual ao valor IBSCBS/gIBSCBS/gTribRegular/vTribRegCBS retornado pela Calculadora			Rej.	E1590	Valor da tributação regular da CBS incorreto.	1	V	V	V	V	CALCULADORA \n Margem de erro de R$ 0,01
131		NFSe/infNFSe/IBSCBS/totCIBS/	gTribCompraGov	O grupo de tributação para compras governamentais não deve ser informado para essas operações (tpEnteGov não foi informado informado na DPS).			Rej.	E1600	Grupo de compras governamentais não deve ser informando quando o tpEnteGov não foi informado na DPS.	1	V	V	V	V	-
132							Rej.	E1601	Grupo de compras governamentais deve ser informando quando o tpEnteGov não foi informado na DPS.	1	V	V	V	V	-
133		NFSe/infNFSe/IBSCBS/totCIBS/gTribCompraGov	pIBSUF	 A alíquota do IBS de competência do Estado deve ser igual ao valor IBSCBS/gIBSCBS/gTribCompraGov/pAliqIBSUF retornado pela Calculadora			Rej.	E1602	Alíquota do IBS de competência do Estado incorreta.	1	V	V	V	V	CALCULADORA \n Margem de erro de R$ 0,01
134		NFSe/infNFSe/IBSCBS/totCIBS/gTribCompraGov	vIBSUF	 O valor do Tributo do IBS da UF deve ser igual ao valor IBSCBS/gIBSCBS/gTribCompraGov/vTribIBSUF retornado pela Calculadora			Rej.	E1603	Valor do Tributo do IBS da UF incorreto.	1	V	V	V	V	CALCULADORA \n Margem de erro de R$ 0,01
135		NFSe/infNFSe/IBSCBS/totCIBS/gTribCompraGov	pIBSMun	 A alíquota do IBS de competência do \n Município deve ser igual ao valor IBSCBS/gIBSCBS/gTribCompraGov/pAliqIBSMun retornado pela Calculadora			Rej.	E1604	Alíquota do IBS de competência do \n Município incorreta.	1	V	V	V	V	CALCULADORA \n Margem de erro de R$ 0,01
136		NFSe/infNFSe/IBSCBS/totCIBS/gTribCompraGov	vIBSMun	 O valor do Tributo do IBS do Município deve ser igual ao valor IBSCBS/gIBSCBS/gTribCompraGov/vTribIBSMun retornado pela Calculadora			Rej.	E1605	Valor do Tributo do IBS do Município incorreto.	1	V	V	V	V	CALCULADORA \n Margem de erro de R$ 0,01
137		NFSe/infNFSe/IBSCBS/totCIBS/gTribCompraGov	pCBS	 A alíquota da CBS deve ser igual ao valor IBSCBS/gIBSCBS/gTribCompraGov/pAliqCBS retornado pela Calculadora			Rej.	E1606	Alíquota da CBS incorreta.	1	V	V	V	V	CALCULADORA \n Margem de erro de R$ 0,01
138		NFSe/infNFSe/IBSCBS/totCIBS/gTribCompraGov	vCBS	 O valor do Tributo da CBS deve ser igual ao valor IBSCBS/gIBSCBS/gTribCompraGov/vTribCBS retornado pela Calculadora			Rej.	E1607	Valor do Tributo da CBS incorreto.	1	V	V	V	V	CALCULADORA \n Margem de erro de R$ 0,01
139		NFSe/infNFSe/	DPS	-			-	-	-	-	-	-	-	-	-
140		NFSe/infNFSe/DPS/	versao	Prazo de aceitação da versão do leiaute DPS ultrapassado.			Rej.	E0001	O prazo de aceitação da versão do leiaute da DPS expirou.	1	V	V	V	V	-
141		NFSe/infNFSe/DPS/	infDPS	-			-	-	-	-	-	-	-	-	-
142		NFSe/infNFSe/DPS/infDPS/	id	O identificador da DPS é formado conforme a concatenação dos seguintes campos: \n "DPS" + Cód.Mun.Emi. + Tipo de Inscrição Federal + Inscrição Federal + Série DPS + Núm. DPS \n  \n Campo identificador da DPS inválido. \n Identificador da DPS difere da concatenação dos campos correspondentes. \n "DPS" + Cód.Mun.Emi. + Tipo de Inscrição Federal + Inscrição Federal + Série DPS + Núm. DPS  \n  \n Verificar se tipo de inscrição e inscrição, informados no identificador da DPS, estão corretamente correspondidos conforme o seguinte: \n  \n Tipo de inscrição Federal = 1 / Inscrição Federal = CPF emitente da DPS; \n Tipo de inscrição Federal = 2 / Inscrição Federal = CNPJ emitente da DPS; \n  \n Cód.Mun.Emi. é o código do município do endereço do emitente da DPS.			Rej.	E0004	Conteúdo do identificador informado na DPS difere da concatenação dos campos correspondentes.	1	V	V	V	V	-
143		NFSe/infNFSe/DPS/infDPS/	tpAmb	Ambiente informado diverge do ambiente de recebimento para o qual o emitente enviou a DPS.			Rej.	E0006	Ambiente informado diverge do ambiente de recebimento para o qual o emitente enviou a DPS.	1	V	V	V	V	-
144		NFSe/infNFSe/DPS/infDPS/	dhEmi	A data de emissão da DPS deve ser anterior ou igual à data e hora do seu processamento (dhProc) pelo Sistema Nacional NFS-e.			Rej.	E0008	A data e hora de emissão da DPS deve ser anterior ou igual à data do seu processamento (dhProc) pelo Sistema Nacional NFS-e.	1	V	V	V	V	-
145							Rej.	E1294	Prazo para entrega da DF-e excedido.	1	X	X	V	X	-
146		NFSe/infNFSe/DPS/infDPS/	verAplic	-			-	-	-	-	-	-	-	-	-
147		NFSe/infNFSe/DPS/infDPS/	serie	A série informada na DPS não pertence à faixa definida para o tipo de emissor utilizado para a sua emissão.			Rej.	E0010	A série informada na DPS não pertence à faixa definida para o tipo de emissor utilizado para a sua emissão.	1	V	V	X	X	Faixas de utilização da série da DPS: \n  \n 00001 a 49999 - Emissão com aplicativo pŕoprio; \n 50000 a 69999 - Emissor Móvel; \n 70000 a 79999 - Emissor Web; \n 80000 a 89999 - Emissão com *transcrissão manual (Web); \n  \n *O emitente deve informar o número de série (transcrever o número de série) que foi repassado ao não emitente da NFS-e.
148							Rej.	E0014	Conjunto de Série, Número, Código do Município Emissor e CNPJ/CPF informado nesta DPS já existe em uma NFS-e gerada a partir de uma DPS enviada anteriormente.	1	V	V	V	V	-
149		NFSe/infNFSe/DPS/infDPS/	nDPS
150		NFSe/infNFSe/DPS/infDPS/	dCompet	A data de competência informada na DPS deve ser anterior ou igual à data de emissão (dhEmi) da DPS.			Rej.	E0015	A data de competência informada na DPS não pode ser posterior à data de emissão (dhEmi) da DPS.	1	V	V	V	V	-
151							Rej.	E0016	A data de competência deve ser igual ou posterior à data de ativação do convênio do município emissor informado na DPS, exceto quando o emitente for MEI na data de competëncia informada.	1	V	V	X	X	Regras idênticas mas aplicadas em sistemas diferentes.  \n A primeira é realizada apenas na Sefin e  \n a segunda é realizada apena no ADN.
152							Rej.	E1270	A data de competência deve ser igual ou posterior à data de ativação do convênio do município emissor informado na DPS.	1	X	X	V	V
153							Rej.	E0018	A data de competência informada na DPS deve ser igual ou posterior à data de inscrição do CNPJ do emitente no cadastro CNPJ.	1	V	V	V	V	-
154							Rej.	E0020	A data de competência informada na DPS deve ser igual ou posterior à data de inscrição do CPF do emitente no cadastro CPF.	1	V	V	V	V	-
155							Rej.	E0023	A data de competência informada na DPS deve ser igual ou posterior à data do indicador municipal, registrada no CNC do município correspondente ao município emissor da DPS (cLocEmi).	1	V	X	X	X	-
156							Rej.	E0025	A data de competência informada na DPS deve ser igual ou posterior à data autorizasção de uso do emissores, registrada no CNC do município correspondente ao município emissor da DPS (cLocEmi) para o contribuinte.	1	V	X	X	X	-
157		NFSe/infNFSe/DPS/infDPS/	tpEmit	Se a DPS for emitida pelo tomador ou intermendiário (tpEmit = 2 ou 3), então a DPS deve ser rejeitada pelo sistema.			Rej.	E9996	Nesta versão da aplicação, não é permitida a emissão de NFS-e pelo tomador ou intermediário.	1	V	V	V	V	-
158		NFSe/infNFSe/DPS/infDPS/	cMotivoEmisTI	Se o emitente for o prestador de serviço (tpEmit = 1), então este campo não deve ser preenchido.			Rej.	E0029	O motivo da emissão não pode ser preenchido se o emitente for o prestador de serviço.	1	V	V	V	V	-
159							Rej.	E0031	Não pode haver retenção do ISSQN pelo tomador quando o município de incidência não for o do tomador.	2	X	X	X	X	-
160							Rej.	E0032	Não pode haver retenção do ISSQN pelo intermediário quando o município de incidência não for o do intermediário.	2	X	X	X	X	-
161		NFSe/infNFSe/DPS/infDPS/	chNFSeRej	Somente é permitido o preencimento deste campo se o emitente da DPS for o Tomador ou Intermediário (tpEmit igual a 2 ou 3) e o motivo da emissão for a rejeição de NFS-e emitida pelo Prestador (cMotivoEmisTI igual a 4).			Rej.	E0034	Somente é permitido o preenchimento do campo de chave de acesso de NFS-e rejeitada se o tipo de emitente for Tomador ou Intermediário e o motivo da emissao for por rejeição de NFS-e emitida pelo prestador.	1	X	X	X	X	-
162							Rej.	E0035	A chave de acesso de NFS-e informada nesta DPS não possui a ela vinculada o evento de manifestação de rejeição emitido pelo mesmo emitente desta DPS.	1	X	X	X	X	-
163		NFSe/infNFSe/DPS/infDPS/	cLocEmi	O código do município emissor informado na DPS deve existir no cadastro de convênio municipal do sistema nacional. \n  \n Exceto quando o emitente da DPS for MEI na data de competência da emissão da NFS-e.			Rej.	E0037	O código do município emissor informado na DPS é inexistente no cadastro de convênio municipal do sistema nacional.	1	V	V	X	X	-
164							Rej.	E0038	A situação do convênio do município emissor informado na DPS deve ser "ATIVO" no cadastro de convênio municipal do sistema nacional.	1	V	V	X	X	-
165							Rej.	E0039	O município emissor informado na DPS deve estar parametrizado para utilizar os emissores públicos nacionais, conforme parametrização do município no Sistema Nacional NFS-e.	1	V	V	X	X	-
166							Rej.	E0041	O município emissor não corresponde ao município do emitente MEI no CNPJ.	1	V	V	X	X	-
167							Rej.	E1304	O código do município emissor da NFS-e não existe conforme tabela do IBGE ou difere do código do municipio que está compartilhando o documento com o ADN do Sistema Nacional NFS-e.	1	X	X	V	V	-
168							Rej.	E1272	O código do município informado não existe ou não está ativo no convênio municipal na data de processamento de compartilhamento com o ADN.	1	X	X	V	V	Compartilhamento e Distribuição devem serguir esta regra
169		NFSe/infNFSe/DPS/infDPS/	subst	-			-	-	-	-	-	-	-	-	-
170		NFSe/infNFSe/DPS/infDPS/subst	chSubstda	Chave de NFS-e a ser substituída é inválida. \n  \n 1 - Verificar DV da chave de NFS-e a ser substituída informada nesta DPS; \n 2 - Verificar a correspondência exata dos campos (Cód.Mun. / Tipo de Inscrição / Inscrição) da chave de NFS-e a ser substituída informada e o id desta DPS;			Rej.	E0042	Chave de NFS-e a ser substituída é inválida.	1	V	V	V	V	-
171							Rej.	E0044	NFS-e não existe na base de dados do autorizador de NFS-e nacional. Informe uma chave de NFS-e existente.	1	V	V	V	V	-
172							Rej.	E0046	Uma NFS-e cancelada não pode ser substituída. Informe uma chave de NFS-e não cancelada anteriormente.	1	V	V	V	V	-
173							Rej.	E0050	Uma NFS-e não pode ser substituída fora do prazo estabelecido pelo município emissor da NFS-e.	3	V	X	X	X	-
174							Rej.	E0056	NFS-e não pode ser substituída pois não possui identificação do tomador.	3	V	X	X	X	-
175							Rej.	E0058	Não poderá ocorrer a substituição de NFS-e com alteração da identificação do não emitente, conforme parametrização do município emissor da NFS-e.	3	V	X	X	X	-
176							Rej.	E0060	Os campos data de competência, subitem da lista nacional de serviços, código complementar municipal e local da prestação não podem ser alterados quando a opção do simples nacional for Não Optante (opSimpNac = 1).	2	V	X	X	X	-
177							Rej.	E0061	Os campos identificação do Tomador (se identificado na DPS), data de competência (dCompet), e valor do serviço (vServ), não podem ser alterados quando a opção do simples nacional for MEI (opSimpNac = 2) ou ME/EPP (opSimpNac = 3).	2	V	X	X	X	-
178							Rej.	E0065	Não é possível substituição da NFS-e que tenha sido gerada em ambientes geradores diferentes.	1	V	V	V	V	-
179							Rej.	E0068	Não é possível a substituição desta NFS-e pois a mesma possui registro de Evento de Solicitação de Análise Fiscal para Cancelamento de NFS-e aguardando resposta. Para mais informações, consultar a Administração Tributária Municipal do município emissor da NFS-e.	1	V	V	V	V	-
180							Rej.	E0070	Não é possível a substituição desta NFS-e pois já ocorreu uma manifestação de confirmação de serviço. Para mais informações, consultar a Administração Tributária Municipal do município emissor da NFS-e.	2	V	X	X	X	-
181							Rej.	E0072	Não é possível a substituição desta NFS-e pois já ocorreu uma manifestação tácita da NFS-e. Para mais informações, consultar a Administração Tributária Municipal do município emissor da NFS-e.	2	V	X	V	X	-
182							Rej.	E0074	Não é permitido realizar a substituição para NFS-e que possua Evento de Tributos Recolhidos vinculado, conforme parametrização do município de incidência do ISSQN. Para mais informações, consultar a Administração Tributária Municipal do município emissor da NFS-e.	3	V	X	X	X	Aguarda para Implementar no Contexto do MAN.
183							Rej.	E0076	Não é permitido realizar a substituição para NFS-e que possua Evento de Bloqueio de Ofício para o Evento de Cancelamento de NFS-e por Substituição vigente.	1	V	V	V	V	-
184							Rej.	E1308	NFS-e a ser substituída não possui um evento de Cancelamento por substituição compartilhado com o ADN e por isso não pode ser substituída.	1	X	X	V	V	-
185							Rej.	E1310	O identificador desta NFS-e substituta não está referenciado no evento de Cancelamento por substituição da NFS-e substituída.	1	X	X	V	V	-
186		NFSe/infNFSe/DPS/infDPS/subst	cMotivo	-			-	-	-	-	-	-	-	-	-
187		NFSe/infNFSe/DPS/infDPS/subst	xMotivo	Quando o campo cMotivo = 99, o campo xMotivo deve informado obrigatoriamente.			Rej.	E0078	Quando o campo cMotivo = 99, o campo xMotivo deve informado obrigatoriamente.	1	V	X	V	X	-
188		NFSe/infNFSe/DPS/infDPS/	prest	-			-	-	-	-	V	-	-	-	-
189		NFSe/infNFSe/DPS/infDPS/prest/	CNPJ	CNPJ informado na DPS é inválido (verificar DV).			Rej.	E0080	CNPJ do prestador informado na DPS é inválido.	1	V	V	V	V	-
190							Rej.	E0082	CNPJ do emitente prestador não encontrado no cadastro CNPJ na data de competência.	2	V	V	X	X	-
191							Rej.	E0084	CNPJ do emitente prestador não possui estabelecimento ou domicílio em um município correspondente ao município emissor, na data de competência informada na DPS, conforme cadastros CNPJ e CNC NFS-e.	2	V	X	X	X	-
192		NFSe/infNFSe/DPS/infDPS/prest/	CPF	CPF informado na DPS é inválido (verificar DV).			Rej.	E0096	CPF do prestador informado na DPS é inválido.	1	V	V	V	V	-
193							Rej.	E0098	CPF do emitente prestador não encontrado no cadastro CPF na data de competência.	2	V	V	X	X	-
194							Rej.	E0099	CPF do emitente prestador não possui estabelecimento ou domicílio em um município correspondente ao município emissor, na data de competência informada na DPS, conforme  cadastro nacional complementar NFS-e (cLocEmi + CPF + IM informados na DPS para o prestador devem existir no CNC NFS-e).	2	V	X	X	X	-
195		NFSe/infNFSe/DPS/infDPS/prest/	NIF	Se o campo tpEmit for ígual a 1, então NIF do prestador não pode ser informado.			Rej.	E0112	O prestador de serviço, quando emitente da DPS, não pode ser identificado pelo NIF.	1	V	X	V	X	-
196							Rej.	E0113	O NIF ou cNaoNIF do prestador deve ser informado quando o grupo de informações de endereço no exterior do prestador de serviços foi informado.	1	V	X	V	X	-
197		NFSe/infNFSe/DPS/infDPS/prest/	cNaoNIF	
198							Rej.	E0114	O prestador de serviço, quando emitente da DPS, somente pode ser identificado pelo CNPJ ou CPF.	1	V	X	V	X	-
199							Rej.	E0115	Valor 0 para o motivo da não informação do NIF do prestador não é permitido na Sefin do Sistema Nacional NFS-e.	1	V	X	V	X	-
200		NFSe/infNFSe/DPS/infDPS/prest/	CAEPF	-			-	-	-	-	-	-	-	-	-
201		NFSe/infNFSe/DPS/infDPS/prest/	IM	Se o emitente for o prestador de serviço (tpEmit = 1) e, se houver registro complementar do contribuinte no CNC do município correspondente ao município emissor da DPS, então a IM deve ser informada na DPS. \n  \n Utilizar o identificador federal (CNPJ ou CPF) do prestador de serviço e o codigo do município emissor (cLocEmi), ambos informados na DPS, para identificar as ocorrências no CNC NFS-e. Se houver pelo menos uma ocorrência, então o emitente da DPS deve informar o IM correspondente registrado no CNC NFS-e, que identifique unicamente o registro complementar. \n  \n Exceto quando o emitente da DPS for MEI na data de competência da emissão da NFS-e.			Rej.	E0116	A IM deve ser informada para o emitente prestador do serviço na DPS, conforme informações complementares registradas no CNC NFS-e do município emissor informado na DPS.	2	V	X	X	X	-
202							Rej.	E0119	IM do emitente prestador não está autorizado a emitir NFS-e, conforme informações complementares registradas no CNC NFS-e do município emissor informado na DPS.	2	V	X	X	X	-
203							Rej.	E0120	IM do prestador não deve ser informado, pois não existem informações complementares registradas no CNC NFS-e do município emissor informado na DPS.	2	V	X	X	X	-
204							Rej.	E0124	O IM informado está inativo no CNC NFS-e do município emissor para a data de competência informada na DPS. 	2	V	X	X	X	-
205		NFSe/infNFSe/DPS/infDPS/prest/	xNome	Se o emitente da DPS for o prestador de serviço (tpEmit for igual a 1), então o nome ou razão social não deve ser informado.			Rej.	E0121	O nome ou razão social do prestador não deve ser informado quando o emitente da DPS for o próprio prestador.	2	V	X	V	X	-
206							Rej.	E0122	O nome ou razão social do prestador deve ser informado quando o emitente da DPS não for o próprio prestador.	2	V	X	V	X	-
207							Rej.	E0123	O preenchimento do nome empresarial é obrigatório quando o prestador for identificado com NIF.	1	V	X	V	X	-
208		NFSe/infNFSe/DPS/infDPS/prest/	end	Se o emitente da DPS for o tomador ou intermediário (tpEmit = 2 ou 3) o grupo de informações do endereço do prestador de serviço deve ser informado na DPS obrigatoriamente.			Rej.	E0129	O endereço do prestador deve ser informado na DPS quando o prestador não for o emitente da DPS.	1	V	X	V	X	-
209							Rej.	E0128	O endereço do prestador do serviço não deve ser informado na DPS quando o próprio prestador for o emitente da DPS.	1	V	X	V	X	-
210		NFSe/infNFSe/DPS/infDPS/prest/	endNac	Se o CNPJ ou CPF do prestador de serviço foi informado e o emitente da DPS for o prestador (tpEmit = 2 ou 3), então o grupo de informações de endereço nacional do prestador do serviço deve ser informado obrigatoriamente.			Rej.	E0125	O endereço nacional do prestador do serviço deve ser informado na DPS quando for identificado pelo CNPJ ou CPF e o emitente da DPS for o tomador ou intermediário.	1	V	X	V	X	-
211		NFSe/infNFSe/DPS/infDPS/prest/end/endNac/	cMun	O código do município para o endereço do prestador do serviço não existe, conforme TAB.MUN_IBGE do ANEXO_A-MUNICIPIO_IBGE-PAISES_ISO2-SNNFSe.			Rej.	E0130	O código do município para o endereço do prestador do serviço não existe conforme tabela de município do IBGE.	1	V	X	V	X	-
212							Rej.	E0132	O código do município informado na DPS para o endereço do prestador do serviço, identificado pelo CNPJ, não corresponde ao município registrado em seus cadastros na data de competência informada na DPS.	2	V	X	X	X	-
213							Rej.	E0134	O código do município informado na DPS para o endereço do prestador do serviço, identificado pelo CPF, não corresponde ao município registrado em seus cadastros na data de competência informada na DPS.	2	V	X	X	X	-
214		NFSe/infNFSe/DPS/infDPS/prest/end/endNac/	CEP	O CEP informado deve existir e pertencer ao município correspondente ao código do município informado para o endereço do prestador do serviço.			Rej.	E0138	O CEP informado para o endereço nacional do prestador do serviço não existente ou não pertence ao município informado na DPS. Informe um CEP existente e que pertença ao município informado para o endereço do prestador do serviço na DPS.	1	V	X	V	X	-
215		NFSe/infNFSe/DPS/infDPS/prest/end/	endExt	Se o NIF do prestador de serviço foi informado e o emitente da DPS, tomador ou intermedirio (tpEmit = 2 ou 3), for identificado por CNPJ, então o grupo de informações de endereço no exterior do prestador do serviço deve ser informado obrigatoriamente.			Rej.	E0142	O grupo de informações de endereço no exterior deve ser informado obrigatoriamente quando o prestador for identificado pelo NIF e o emitente por CNPJ.	1	V	X	V	X	-
216		NFSe/infNFSe/DPS/infDPS/prest/end/endExt/	cPais	O código de país informado para o endereço no exterior do prestador do serviço deve existir e ser diferente de Brasil (BR), conforme a tabela ISO2.			Rej.	E0146	O código de país informado para o endereço no exterior do prestador do serviço não existe ou é igual ao código do Brasil. Informe um código de país existente e diferente do codigo do Brasil (BR) para o endereço no exterior do prestador do serviço, conforme tabela de país do ANEXO_A-MUNICIPIO_IBGE-PAISES_ISO2-SNNFSe-ESPEC.	1	V	X	V	X	-
217		NFSe/infNFSe/DPS/infDPS/prest/end/endExt/	cEndPost	-			-	-	-	-	-	-	-	-	-
218		NFSe/infNFSe/DPS/infDPS/prest/end/endExt/	xCidade	-			-	-	-	-	-	-	-	-	-
219		NFSe/infNFSe/DPS/infDPS/prest/end/endExt/	xEstProvReg	-			-	-	-	-	-	-	-	-	-
220		NFSe/infNFSe/DPS/infDPS/prest/end/	xLgr	-			-	-	-	-	-	-	-	-	-
221		NFSe/infNFSe/DPS/infDPS/prest/end/	nro	-			-	-	-	-	-	-	-	-	-
222		NFSe/infNFSe/DPS/infDPS/prest/end/	xCpl	-			-	-	-	-	-	-	-	-	-
223		NFSe/infNFSe/DPS/infDPS/prest/end/	xBairro	-			-	-	-	-	-	-	-	-	-
224		NFSe/infNFSe/DPS/infDPS/prest/	fone	-			-	-	-	-	-	-	-	-	-
225		NFSe/infNFSe/DPS/infDPS/prest/	email	Email deve ser informado conforme estrutura (conter @, ponto etc.).			Rej.	E0148	Email inválido.	2	V	X	V	X	-
226		NFSe/infNFSe/DPS/infDPS/prest/	regTrib	-			-	-	-	-	-	-	-	-	-
227		NFSe/infNFSe/DPS/infDPS/prest/regTrib/	opSimpNac	Opção de situação perante o Simples Nacional do prestador, informada na DPS, não está de acordo com o cadastro Simples Nacional na data de competência informada na DPS. \n Se CNPJ do prestador não consta no cadastro então opSimpNac é igual a 1;			Rej.	E0160	No mês de competência da NFS-e, a opção de situação perante o Simples Nacional, do prestador, informada na DPS não está de acordo com o cadastro Simples Nacional.	2	V	X	X	X	-
228							Rej.	E0161	NFS-e cujo emitente for MEI somente poderá ser compartilhada pelo município com o ADN se a data de competência, informada na NFS-e, for menor ou igual a 31/08/2023.	2	X	X	V	V	-
229		NFSe/infNFSe/DPS/infDPS/prest/regTrib/	regApTribSN	O regime de apuração dos tributos para o optante do Simples Nacional (ME/EPP) não pode ser preenchido quando o prestador de serviço não for optante do simples nacional ou for MEI, ou seja, o campo opSimpNac = 1 ou 2.			Rej.	E0162	Não é permitido ao não optante do Simples Nacional e o MEI preencherem o campo de indicação do regime de apuração dos tributos apurados.	2	V	X	V	X	-
230							Rej.	E0166	É obrigatorio o preenchimento do campo de regime de apuração dos tributos do SN para o optante do Simples Nacional ME/EPP.	2	V	X	V	X	-
231		NFSe/infNFSe/DPS/infDPS/prest/regTrib/	regEspTrib	Não é permitido informar Regime Especial de Tributação, ou seja, regEspTrib deve ser igual a 0 (Nenhum), quando o serviço prestado for imune, exportação de serviço ou não incidência do ISSQN sobre o serviço prestado, ou seja, o campo referente à tributação do ISSQN (tribISSQN) é igual a "2 - Imunidade, "3 - Exportação de Serviço" ou "4 - Não Incidência",  \n (tribISSQN = 2, 3 ou 4).			Rej.	E0172	O Regime Especial de Tributação deve ser "Nenhum" (regEspTrib = 0) quando o serviço prestado for diferente de Tributável (tribISSQN = 1), ou seja, tribISSQN = 2, 3 ou 4.	2	V	X	V	X	-
232							Rej.	E0174	Quando o prestador da NFS-e é MEI (opSimpNac = 2) o regime especial de tributação deve ser "Nenhum" (regEspTrib = 0).	2	V	X	V	X	-
233							Rej.	E0175	Quando o prestador optante pelo Simples Nacional tiver o regime de apuração dos tributos ocorrendo também pelo Simples Nacional, o regime especial de tributação do ISSQN deve ser "Nenhum" (regEspTrib = 0).	2	V	X	V	X	-
234							Rej.	E0177	Regime especial de tributação informado na DPS não é admitido na parametrização do município de incidência do ISSQN.	2	V	X	X	X	-
235							Rej.	E0176	É permitido informar Profissional Autônomo na DPS somente se o prestador de serviço estiver parametrizado como Profissional Autônomo, na data de competência informada na DPS, em pelo menos um dos municípios, emissor ou de incidência do ISSQN (cLocIncid ou cLocEmi) ou se estiver admitido sem verificação (parâmetro "Informado na DPS pelo Emitente - Sem verificação"), conforme parametrização do município de incidência do ISSQN na data de competência informada na DPS.	2	V	X	V	X	-
236							Rej.	E0178	Regime especial de tributação não permitido para o prestador do serviço com código de tributação na data de competência, informados na DPS, conforme parametrização do município de incidência do ISSQN.	2	V	X	X	X	-
237		NFSe/infNFSe/DPS/infDPS/	toma	Se campo cIndOp for igual a 030102, 050102, 100101, 100301, 100501, 030103, 050103, 100102, 100201, 100302, 100401, 100502 ou 100601, então o grupo toma deve ser informado.			Rej.	E0187	O grupo de informações relativas ao tomador/adquirente do serviço é obrigatório para o indicador de operação informado.	2	V	X	V	X	-
238		NFSe/infNFSe/DPS/infDPS/toma/	CNPJ	CNPJ informado na DPS é inválido (verificar DV).			Rej.	E0188	CNPJ do tomador informado na DPS é inválido.	1	V	V	V	V	-
239							Rej.	E0190	CNPJ do tomador não encontrado no cadastro CNPJ.	2	V	V	X	X	-
240							Rej.	E0194	CNPJ do emitente tomador não possui estabelecimento ou domicílio em um município correspondente ao município emissor, na data de competência informada na DPS, conforme cadastros CNPJ e CNC NFS-e.	2	V	X	X	X	Regra executada somente quando o emitente da DPS for o tomador ou intermediário do serviço (tpEmit = 2 ou 3).
241							Rej.	E0202	Na emissão da NFS-e não é permitido que o prestador do serviço seja igual ao tomador do serviço. 	2	V	X	X	X	-
242							Rej.	E0204	CNPJ ou CPF do tomador não foi informado, mas existe uma indicação para retenção do ISSQN na DPS no campo de tipo de "Retenção do ISSQN".	2	V	X	V	X	-
243		NFSe/infNFSe/DPS/infDPS/toma/	CPF
244							Rej.	E0206	CPF do tomador informado na DPS é inválido.	1	V	V	V	V	-
245							Rej.	E0207	CPF do tomador não encontrado no cadastro CPF.	2	V	V	X	X	-
246							Rej.	E0212	CPF do emitente tomador não possui estabelecimento ou domicílio em um município correspondente ao município emissor, na data de competência informada na DPS, conforme cadastros CPF e CNC NFS-e.	2	V	X	X	X	-
247		NFSe/infNFSe/DPS/infDPS/toma/	NIF	Se o campo tpEmit for ígual a 2, então NIF do tomador não pode ser informado.			Rej.	E0222	O tomador de serviço, quando emitente da DPS, não pode ser identificado pelo NIF.	2	V	X	X	X	-
248							Rej.	E0223	O NIF ou cNaoNIF do tomador deve ser informado quando o grupo de informações de endereço no exterior do tomador de serviços foi informado.	2	V	X	V	X	-
249		NFSe/infNFSe/DPS/infDPS/toma/	cNaoNIF	
250							Rej.	E0224	O tomador de serviço, quando emitente da DPS, somente pode ser identificado pelo CNPJ ou CPF.	2	V	X	X	X	-
251							Rej.	E0226	Valor 0 para o motivo da não informação do NIF do tomador não é permitido na Sefin do Sistema Nacional NFS-e.	2	V	X	X	X	-
252		NFSe/infNFSe/DPS/infDPS/toma/	CAEPF	-			-	-	-	-	-	-	-	
253		NFSe/infNFSe/DPS/infDPS/toma/	IM	Se o emitente for o prestador de serviço (tpEmit = 2) e, se houver registro complementar do contribuinte no CNC do município correspondente ao município emissor da DPS, então a IM deve ser informada na DPS. \n  \n Utilizar o identificador federal (CNPJ ou CPF) do tomador de serviço e o codigo do município emissor (cLocEmi), ambos informados na DPS, para identificar as ocorrências no CNC NFS-e. Se houver pelo menos uma ocorrência então o emitente da DPS deve informar o IM correspondente registrado no CNC NFS-e, que identifique unicamente o registro complementar. \n  \n Exceto quando o emitente da DPS for MEI na data de competência da emissão da NFS-e.			Rej.	E0228	A IM deve ser informada para o emitente tomador do serviço na DPS, conforme informações complementares registradas no CNC NFS-e do município emissor informado na DPS.	2	V	X	X	X	-
254							Rej.	E0231	IM do emitente tomador não está autorizado a emitir NFS-e, conforme informações complementares registradas no CNC NFS-e do município emissor informado na DPS.	2	V	X	X	X	-
255							Rej.	E0232	IM do tomador não deve ser informado, pois não existem informações complementares registradas no CNC NFS-e do município emissor informado na DPS.	2	V	X	X	X	-
256							Rej.	E0229	O IM informado está inativo no CNC NFS-e do município emissor para a data de competência informada na DPS. 	2	V	X	X	X	-
257		NFSe/infNFSe/DPS/infDPS/toma/	xNome	Se NIF for preenchido então o campo xNome deve ser preenchido obrigatoriamente.			Rej.	E0233	O nome tomador deve ser preenchido obrigatoriamente quando o NIF do tomador for preenchido.	1	V	X	V	X	-
258		NFSe/infNFSe/DPS/infDPS/toma/	end	Quando o emitente da DPS informar um subitem da lista de serviço cuja incidência do ISSQN ocorra no local do estabelecimento/endereço do tomador, conforme planilha MUN.INCID_INFO.SERV.  \n ou cIndOp for igual a 030102, 050102, 100101, 100301, 100501, 030103, 050103, 100102, 100201, 100302, 100401, 100502 ou 100601 \n  o endereço do tomador deve ser obrigatoriamente informado. 			Rej.	E0234	O endereço do tomador é obrigatório para o indicador de operação informado ou quando a incidência do ISSQN definida para o serviço prestado ocorrer no local do estabelecimento/domicílio do tomador.	2	V	V	V	V	-
259		NFSe/infNFSe/DPS/infDPS/toma/end/	endNac	Se o tpEmit é igual a 1 e o tomador foi identificado pelo CNPJ, então o grupo de informações de endereço nacional do tomador do serviço deve ser informado obrigatoriamente.			Rej.	E0235	O endereço nacional do tomador do serviço deve ser informado na DPS quando o tomador for identificado pelo CNPJ.	1	X	X	V	X	-
260							Rej.	E0236	O endereço nacional do tomador do serviço não deve ser informado na DPS quando o próprio tomador do serviço for o emitente da DPS.	1	V	X	V	X	-
261							Rej.	E0237	O endereço nacional do tomador do serviço deve ser informado na DPS quando o valor do ISSQN for retido pelo tomador, exceto se o emitente da DPS é o próprio tomador do serviço.	1	V	X	V	X	-
262		NFSe/infNFSe/DPS/infDPS/toma/end/endNac/	cMun	O código do município informado para o endereço do tomador do serviço não existe, conforme tabela de municípios do IBGE.			Rej.	E0238	O código do município informado na DPS para o endereço do tomador do serviço não existe conforme tabela de município do IBGE.	1	V	V	V	V	-
263		NFSe/infNFSe/DPS/infDPS/toma/end/endNac/	CEP	O CEP informado deve existir e pertencer ao município correspondente ao código do município informado para o endereço do tomador do serviço.			Rej.	E0240	O CEP informado para o endereço nacional do tomador do serviço não existe ou não pertence ao município do endereço do tomador.	1	V	X	V	X	-
264		NFSe/infNFSe/DPS/infDPS/toma/end/	endExt	Se o NIF do tomador de serviço foi informado e o emitente da DPS for identificado por CNPJ, então o grupo de informações de endereço no exterior do tomador do serviço deve ser informado obrigatoriamente.			Rej.	E0242	O grupo de informações de endereço no exterior deve ser informado obrigatoriamente quando o tomador for identificado pelo NIF e o emitente por CNPJ.	1	V	X	V	X	-
265		NFSe/infNFSe/DPS/infDPS/toma/end/endExt/	cPais	O código de país informado para o endereço no exterior do tomador do serviço deve existir e ser diferente de Brasil (BR), conforme a tabela ISO2.			Rej.	E0246	O código de país informado para o endereço no exterior do tomador do serviço não existe ou é igual ao código do Brasil. Informe um código de país existente e diferente do codigo do Brasil (BR) para o endereço no exterior do tomador do serviço, conforme tabela de país do ANEXO_A-MUNICIPIO_IBGE-PAISES_ISO2-SNNFSe-ESPEC.	1	V	V	V	V	-
266		NFSe/infNFSe/DPS/infDPS/toma/end/endExt/	cEndPost	-			-	-	-	-	-	-	-	-	-
267		NFSe/infNFSe/DPS/infDPS/toma/end/endExt/	xCidade	-			-	-	-	-	-	-	-	-	-
268		NFSe/infNFSe/DPS/infDPS/toma/end/endExt/	xEstProvReg	-			-	-	-	-	-	-	-	-	-
269		NFSe/infNFSe/DPS/infDPS/toma/end/	xLgr	-			-	-	-	-	-	-	-	-	-
270		NFSe/infNFSe/DPS/infDPS/toma/end/	nro	-			-	-	-	-	-	-	-	-	-
271		NFSe/infNFSe/DPS/infDPS/toma/end/	xCpl	-			-	-	-	-	-	-	-	-	-
272		NFSe/infNFSe/DPS/infDPS/toma/end/	xBairro	-			-	-	-	-	-	-	-	-	-
273		NFSe/infNFSe/DPS/infDPS/toma/	fone	-			-	-	-	-	-	-	-	-	-
274		NFSe/infNFSe/DPS/infDPS/toma/	email	Email deve ser informado conforme estrutura (conter @, ponto etc.).			Rej.	E0247	Email inválido.	2	V	X	V	X	-
275		NFSe/infNFSe/DPS/infDPS/	interm	-			-			-	-	-	-	-	-
276		NFSe/infNFSe/DPS/infDPS/interm/	CNPJ	CNPJ informado na DPS é inválido (verificar DV).			Rej.	E0248	CNPJ do intermediário informado na DPS é inválido.	1	V	V	V	V	-
277							Rej.	E0250	CNPJ do intermediário não encontrado no cadastro CNPJ.	2	V	V	X	X	-
278							Rej.	E0254	CNPJ do emitente intermediário não possui estabelecimento ou domicílio em um município correspondente ao município emissor, na data de competência informada na DPS, conforme cadastros CNPJ e CNC NFS-e.	2	V	X	X	X	-
279							Rej.	E0262	Na emissão da NFS-e não é permitido que o prestador do serviço seja igual ao intermediário do serviço. 	2	V	X	X	X	-
280							Rej.	E0264	CNPJ ou CPF do intermediário não foi informado, mas existe uma indicação para retenção do ISSQN na DPS no campo de tipo de "Retenção do ISSQN".	2	V	X	X	X	-
281		NFSe/infNFSe/DPS/infDPS/interm/	CPF									X	X	X	-
282							Rej.	E0266	CPF do intermediário informado na DPS é inválido.	1	V	V	V	V	-
283							Rej.	E0268	CPF do intermediário não encontrado no cadastro CPF.	2	V	V	X	X	-
284							Rej.	E0272	CPF do emitente intermediário não possui estabelecimento ou domicílio em um município correspondente ao município emissor, na data de competência informada na DPS, conforme cadastros CPF e CNC NFS-e.	2	V	X	X	X	-
285		NFSe/infNFSe/DPS/infDPS/interm/	NIF	 Se o campo tpEmit for ígual a 3, então NIF do intermediário não pode ser informado.			Rej.	E0280	O intermediário de serviço, quando emitente da DPS, não pode ser identificado pelo NIF.	2	V	X	X	X	-
286							Rej.	E0281	O NIF ou cNaoNIF do intermediário deve ser informado quando o grupo de informações de endereço no exterior do intermediário de serviços foi informado.	2	V	X	V	X	-
287		NFSe/infNFSe/DPS/infDPS/interm/	cNaoNIF	
288							Rej.	E0284	O intermediário de serviço, quando emitente da DPS, somente pode ser identificado pelo CNPJ ou CPF.	2	V	X	X	X	-
289							Rej.	E0286	Valor 0 para o motivo da não informação do NIF do intermediário não é permitido na Sefin do Sistema Nacional NFS-e.	2	V	X	X	X	-
290		NFSe/infNFSe/DPS/infDPS/interm/	CAEPF	-			-	-	-	-	-	-	-	-	-
291		NFSe/infNFSe/DPS/infDPS/interm/	IM	Se o emitente for o prestador de serviço (tpEmit = 3) e, se houver registro complementar do contribuinte no CNC do município correspondente ao município emissor da DPS, então a IM deve ser informada na DPS. \n  \n Utilizar o identificador federal (CNPJ ou CPF) do prestador de serviço e o codigo do município emissor (cLocEmi), ambos informados na DPS, para identificar as ocorrências no CNC NFS-e. Se houver pelo menos uma ocorrência então o emitente da DPS deve informar o IM correspondente registrado no CNC NFS-e, que identifique unicamente o registro complementar. \n  \n Exceto quando o emitente da DPS for MEI na data de competência da emissão da NFS-e.			Rej.	E0287	A IM não foi informada para o emitente intermediário do serviço na DPS.	2	V	X	X	X	-
292							Rej.	E0289	IM do emitente intermediário não está autorizado a emitir NFS-e, conforme informações complementares registradas no CNC NFS-e do município emissor informado na DPS.	2	V	X	X	X	-
293							Rej.	E0290	IM do intermediário não deve ser informado, pois não existem informações complementares registradas no CNC NFS-e do município emissor informado na DPS.	2	V	X	X	X	-
294							Rej.	E0288	O IM informado está inativo no CNC NFS-e do município emissor para a data de competência informada na DPS. 	2	V	X	X	X	-
295		NFSe/infNFSe/DPS/infDPS/interm/	xNome	Se NIF for preenchido então o campo xNome deve ser preenchido obrigatoriamente.			Rej.	E0292	O nome intermediário deve ser preenchido obrigatoriamente quando o NIF do intermediário for preenchido.	1	V	-	V	-	-
296		NFSe/infNFSe/DPS/infDPS/interm/	end	-			-	-	-	-	-	-	-	-	-
297		NFSe/infNFSe/DPS/infDPS/interm/end/	endNac	Se o tpEmit é igual a 1 e o intermediário foi identificado pelo CNPJ, então o grupo de informações de endereço nacional do intermediário do serviço deve ser informado obrigatoriamente.			Rej.	E1388	O endereço nacional do intermediário do serviço deve ser informado na DPS quando o intermediário for identificado pelo CNPJ.	1	X	X	V	X	-
298							Rej.	E0291	O endereço nacional do intermediário do serviço não deve ser informado na DPS quando o próprio tomador do serviço for o emitente da DPS.	1	V	X	V	X	-
299							Rej.	E0293	O endereço nacional do intermediário do serviço deve ser informado na DPS quando o valor do ISSQN for retido pelo intermediário, exceto se o emitente da DPS é o intermediário do serviço.	1	V	X	V	X	-
300		NFSe/infNFSe/DPS/infDPS/interm/end/endNac/	cMun	O código do município informado para o endereço do intermediário do serviço não existe, conforme tabela de municípios do IBGE.			Rej.	E0294	O código do município informado na DPS para o endereço do intermediário do serviço não existe conforme tabela de município do IBGE.	1	V	V	V	V	-
301		NFSe/infNFSe/DPS/infDPS/interm/end/endNac/	CEP	O CEP informado deve existir e pertencer ao município correspondente ao código do município informado para o endereço do intermediário do serviço.			Rej.	E0296	O CEP informado para o endereço nacional do intermediário do serviço não existe ou não pertence ao município do endereço do intermediário.	1	V	X	V	X	-
302		NFSe/infNFSe/DPS/infDPS/interm/end/	endExt	Se o NIF do intermediário de serviço foi informado e o emitente da DPS for identificado por CNPJ, então o grupo de informações de endereço no exterior do tomador do serviço deve ser informado obrigatoriamente.			Rej.	E0298	O grupo de informações de endereço no exterior deve ser informado obrigatoriamente quando o intermediário for identificado pelo NIF e o emitente por CNPJ.	1	V	X	V	X	-
303		NFSe/infNFSe/DPS/infDPS/interm/end/endExt/	cPais	O código de país informado para o endereço no exterior do intermediário do serviço deve existir e ser diferente de Brasil (BR), conforme a tabela ISO2.			Rej.	E0299	O código de país informado para o endereço no exterior do intermediário do serviço não existe ou é igual ao código do Brasil. Informe um código de país existente e diferente do codigo do Brasil (BR) para o endereço no exterior do intermediário do serviço, conforme tabela de país do ANEXO_A-MUNICIPIO_IBGE-PAISES_ISO2-SNNFSe-ESPEC.	1	V	V	V	V	-
304		NFSe/infNFSe/DPS/infDPS/interm/end/endExt/	cEndPost	-			-	-	-	-	-	-	-	-	-
305		NFSe/infNFSe/DPS/infDPS/interm/end/endExt/	xCidade	-			-	-	-	-	-	-	-	-	-
306		NFSe/infNFSe/DPS/infDPS/interm/end/endExt/	xEstProvReg	-			-	-	-	-	-	-	-	-	-
307		NFSe/infNFSe/DPS/infDPS/interm/end/	xLgr	-			-	-	-	-	-	-	-	-	-
308		NFSe/infNFSe/DPS/infDPS/interm/end/	nro	-			-	-	-	-	-	-	-	-	-
309		NFSe/infNFSe/DPS/infDPS/interm/end/	xCpl	-			-	-	-	-	-	-	-	-	-
310		NFSe/infNFSe/DPS/infDPS/interm/end/	xBairro	-			-	-	-	-	-	-	-	-	-
311		NFSe/infNFSe/DPS/infDPS/interm/	fone	-			-	-	-	-	-	-	-	-	-
312		NFSe/infNFSe/DPS/infDPS/interm/	email	Email deve ser informado conforme estrutura (conter @, ponto etc.).			Rej.	E0300	Email inválido.	2	V	X	V	X	-
313		NFSe/infNFSe/DPS/infDPS/	serv	-			-			-	-	-	-	-	-
314		NFSe/infNFSe/DPS/infDPS/serv/	locPrest	-			-			-	-	-	-	-	-
315		NFSe/infNFSe/DPS/infDPS/serv/locPrest/	cLocPrestacao	Se informado, o código do município deve existir na tabela de municípios do IBGE ou possuir a codificação 0000000, que representa "Águas Marítimas".			Rej.	E0302	O código do local da prestação do serviço não existe conforme a tabela de municípios IBGE disponibilizada no ANEXO_A-MUNICIPIO_IBGE-PAISES_ISO2-SNNFSe.	1	V	V	V	V	-
316							Rej.	E1402	Quando é informado o subitem 200101 para o código de tributação nacional (cTribNac), não é permitido informar 0000000, que representa "Águas Marítimas", para o local de prestação do serviço (cLocPrestacao).			X	V	X	Para atender o dispositivo do Art 3º, § 2º, \n (No caso dos serviços a que se refere o subitem 22.01 da lista anexa, considera-se ocorrido o fato gerador e devido o imposto em cada Município em cujo território haja extensão de rodovia explorada.) \n o Sistema Nacional NFS-e considera o trecho de concessão de exploração de rodovia como uma localidade de prestação de serviço, assim como qualquer município brasileiro. \n  \n Para atender o dispositivo do Art 3º, § 3º, \n (Considera-se ocorrido o fato gerador do imposto no local do estabelecimento prestador nos serviços executados em águas marítimas, excetuados os serviços descritos no subitem 20.01) \n o Sistema Nacional NFS-e "Águas Marítimas" como uma localidade de prestação de serviço, assim como qualquer município brasileiro. \n  \n cLocPrestacao poderá assumir: qualquer código que represente um município da tabela de códigos de municípios do IBGE, qualquer código quer represente um trecho de concessão de exploração de rodovias do cadastro próprio do Sistema Nacional NFS-e ou 0000000, que representa "Águas Marítimas".
317		NFSe/infNFSe/DPS/infDPS/serv/locPrest/	cPaisPrestacao	Se informado, o código do país deve existir na tabela de país ISO2 e ser diferente de Brasil (BR).			Rej.	E0304	Informe um código de país existente e diferente de Brasil (BR), conforme tabela de país do ANEXO_A-MUNICIPIO_IBGE-PAISES_ISO2-SNNFSe-ESPEC.	1	V	V	V	V	-
318		NFSe/infNFSe/DPS/infDPS/serv/	cServ								-	-	-	-	-
319		NFSe/infNFSe/DPS/infDPS/serv/cServ/	cTribNac	Verificar se o código de tributação nacional informado existe conforme a lista de serviços nacional do Sistema Nacional NFS-e.			Rej.	E0310	O código de tributação nacional informado não existe \n conforme a lista de serviços nacional do Sistema Nacional NFS-e.	1	V	X	V	X	-
320							Rej.	E0312	O código de tributação nacional informado não está administrado pelo município de incidência do ISSQN na data de competência informada na DPS,  \n conforme a lista de serviços nacional do Sistema Nacional NFS-e.	3	V	X	X	X	-
321		NFSe/infNFSe/DPS/infDPS/serv/cServ/	cTribMun	Verificar se o código de tributação municipal informado existe e está administrado pelo município de incidência do ISSQN na data de competência informada na DPS. \n  \n Exceto quando o emitente da DPS for MEI na data de competência da emissão da NFS-e.			Rej.	E0314	O código de tributação municipal informado não existe ou não está administrado pelo município de incidência do ISSQN na data de competência informada na DPS, 	3	V	X	X	X	-
322							Rej.	E0315	Não é permitido informar 000 para o codigo de tributação municipal na DPS.	1	V	V	V	V	-
323		NFSe/infNFSe/DPS/infDPS/serv/cServ/	xDescServ	-			-	-	-	-	-	-	-	-	-
324		NFSe/infNFSe/DPS/infDPS/serv/cServ/	cNBS	O código da lista NBS informado na DPS não existe, conforme tabela NBS do ANEXO_B-NBS2-LISTA_SERVICO_NACIONAL-SNNFSe do Manual Integrado do Sistema Nacional NFS-e.			Rej.	E0316	Código da lista NBS informado inexistente tabela de NBS do sistema.	2	V	X	V	X	-
325							Rej.	E0318	É obrigatório informar na DPS um item da NBS para casos de exportação de serviço.	2	V	X	V	X	-
326							Rej.	E0320	É obrigatório informar na DPS um item da NBS para casos de importação de serviço.	2	V	X	V	X	-
327							Rej.	E0322	É obrigatório informar na DPS um item da NBS se for declarada qualquer informação de IBS/CBS.	2	V	X	V	X	-
328		NFSe/infNFSe/DPS/infDPS/serv/cServ/	cIntContrib	-			-	-	-	-	-	-	-	-	-
329		NFSe/infNFSe/DPS/infDPS/serv/	comExt	EXPORTAÇÃO DE SERVIÇO \n  \n Se o emitente for o prestador (tpEmit = 1), e qualquer um dos campos abaixo for informado na DPS  \n  \n País no exterior do endereço do tomador do serviço, \n País no exterior do endereço do intermediário do serviço ou \n cPaisPrestacao é informado ou  \n tribISSQN for Exportação de serviço (tribISSQN = 3), \n  \n então o grupo de informações de comércio exterior devem ser informado.			Rej.	E0330	É obrigatório prestar informações de comércio exterior para as situações de exportação de serviços.	1	V	X	V	X	-
330							Rej.	E0331	É obrigatório prestar informações de comércio exterior para as situações de importação de serviços.	1	V	X	V	X	-
331		NFSe/infNFSe/DPS/infDPS/serv/comExt/	mdPrestacao	Se o valor do campo mdPrestacao for 0, então a DPS deve ser rejeitada.			Rej.	E0333	Valor 0 para o modo de prestação não é permitido na Sefin do Sistema Nacional NFS-e.	2	V	X	X	X	-
332		NFSe/infNFSe/DPS/infDPS/serv/comExt/	vincPrest	-			-	-	-	-	-	-	-	-	-
333		NFSe/infNFSe/DPS/infDPS/serv/comExt/	tpMoeda	-			-	-	-	-	-	-	-	-	-
334		NFSe/infNFSe/DPS/infDPS/serv/comExt/	vServMoeda	-			-	-	-	-	-	-	-	-	-
335		NFSe/infNFSe/DPS/infDPS/serv/comExt/	mecAFComexP	Se o valor do campo mecAFComexP for 0, então a DPS deve ser rejeitada.			Rej.	E0341	Valor 0 para o Mecanismo de apoio/fomento ao Comércio Exterior utilizado pelo prestador do serviço não é permitido na Sefin do Sistema Nacional NFS-e.	2	V	X	X	X	-
336		NFSe/infNFSe/DPS/infDPS/serv/comExt/	mecAFComexT	Se o valor do campo mecAFComexT for 0, então a DPS deve ser rejeitada.			Rej.	E0343	Valor 0 para o Mecanismo de apoio/fomento ao Comércio Exterior utilizado pelo tomador do serviço não é permitido na Sefin do Sistema Nacional NFS-e.	2	V	X	X	X	-
337		NFSe/infNFSe/DPS/infDPS/serv/comExt/	movTempBens	Se o valor do campo movTempBens for 0, então a DPS deve ser rejeitada.			Rej.	E0345	Valor 0 para o Vínculo da Operação à Movimentação Temporária de Bens não é permitido na Sefin do Sistema Nacional NFS-e.	2	V	X	X	X	-
338		NFSe/infNFSe/DPS/infDPS/serv/comExt/	nDI	Se movTempBens = 2, então o preenchimento de nDI é obrigatório			Rej.	E0352	O preenchimento do campo nDI (Número da Declaração de Importação) é obrigatório quando o campo (movTempBens) Vínculo da Operação à Movimentação Temporária de Bens for igual a 2.	2	V	X	X	X	-
339							Rej.	E0354	O preenchimento dos campos nDI (Número da Declaração de Importação) ou do nRE (úmero do Registro de Exportação) não é permitido quando o campo (movTempBens) Vínculo da Operação à Movimentação Temporária de Bens for igual a 1.	2	V	X	X	X	-
340		NFSe/infNFSe/DPS/infDPS/serv/comExt/	nRE								V	X	X	X	-
341							Rej.	E0356	O preenchimento do campo nRE (úmero do Registro de Exportação) é obrigatório quando o campo (movTempBens) Vínculo da Operação à Movimentação Temporária de Bens for igual a 3.	2	V	X	X	X	-
342		NFSe/infNFSe/DPS/infDPS/serv/comExt/	mdic	-			-			-	-	-	-	-	-
343		NFSe/infNFSe/DPS/infDPS/serv	obra	 Se o código de tributação nacional pertencer a um dos subitens, 07.02.01, 07.02.02, 07.04.01, 07.05,01, 07.05.02, 07.06.01, 07.06.02, 07.07.01, 07.08.01, 07.17.01, 07.19.01, 14.14.03 e 14.14.04 da lista de serviços, então o grupo de informações de obra é obrigatório.			Rej.	E0370	O grupo de informações de obra é obrigatório quando o código de tributação nacional pertencer a um dos subitens 07.02.01, 07.02.02, 07.04.01, 07.05,01, 07.05.02, 07.06.01, 07.06.02, 07.07.01, 07.08.01, 07.17.01, 07.19.01, 1414.03 e 14.14.04 da lista de serviços.	1	V	X	V	X	-
344							Rej.	E0372	O grupo de informações de obra não é permitido quando o código de tributação nacional não pertencer a algum dos subitens 07.02.01, 07.02.02, 07.04.01, 07.05,01, 07.05.02, 07.06.01, 07.06.02, 07.07.01, 07.08.01, 07.17.01, 07.19.01, 1414.03 e 14.14.04 da lista de serviços, com exceção do código 99.01.01.	1	V	X	V	X	-
345		NFSe/infNFSe/DPS/infDPS/serv/obra/	inscImobFisc	-			-	-	-	-	-	-	-	-	-
346		NFSe/infNFSe/DPS/infDPS/serv/obra/	cObra	-			-	-	-	-	-	-	-	-	-
347		NFSe/infNFSe/DPS/infDPS/serv/obra/	cCIB	Código do Cadastro Imobiliário Brasileito - CIB deve ser um código válido - 7 caracteres + DV			Rej.	E0373	Código CIB inválido.	-	V	X	V	X	-
348		NFSe/infNFSe/DPS/infDPS/serv/obra/	end	-			-	-	-	-	-	-	-	-	-
349		NFSe/infNFSe/DPS/infDPS/serv/obra/end/	CEP	O CEP a ser informa para endereço da obra deve pertencer ao município que foi informado como local da prestação do serviço.			Rej.	E0380	Informe um CEP correspondente ao município do local da prestação do serviço informado nesta DPS para indicar corretamente o endereço da obra.	1	V	X	V	X	-
350							Rej.	E0382	O CEP não deve ser informado quando o endereço da obra ocorrer no exterior do país.	1	V	X	V	X	-
351		NFSe/infNFSe/DPS/infDPS/serv/obra/end/	endExt	Se o pais local da prestação do serviço de obra foi informado (cPaisPrestacao foi informado), então o grupo de informações de endereço no exterior deve ser informado.			Rej.	E0384	O grupo de informações de endereço da atividade de obra ocorrido no exterior deve ser informado quando o país do local da prestação for informado na DPS.	1	V	X	V	X	-
352							Rej.	E0386	O grupo de informações de endereço da atividade de obra ocorrido no exterior não deve ser informado quando o município do local da prestação for informado na DPS.	1	V	X	V	X	-
353		NFSe/infNFSe/DPS/infDPS/serv/obra/end/endExt/	cEndPost	-			-	-			-	-	-	-	-
354		NFSe/infNFSe/DPS/infDPS/serv/obra/end/endExt/	xCidade	-			-	-			-	-	-	-	-
355		NFSe/infNFSe/DPS/infDPS/serv/obra/end/endExt/	xEstProvReg	-			-	-			-	-	-	-	-
356		NFSe/infNFSe/DPS/infDPS/serv/obra/end/	xLgr	-			-	-			-	-	-	-	-
357		NFSe/infNFSe/DPS/infDPS/serv/obra/end/	nro	-			-	-			-	-	-	-	-
358		NFSe/infNFSe/DPS/infDPS/serv/obra/end/	xCpl	-			-	-			-	-	-	-	-
359		NFSe/infNFSe/DPS/infDPS/serv/obra/end/	xBairro	-			-	-			-	-	-	-	-
360		NFSe/infNFSe/DPS/infDPS/serv/	atvEvento	Se o código de tributação nacional pertencer ao item 12 da lista de serviços, então o grupo de informações de Atividade/Evento é obrigatório.			Rej.	E0390	O grupo de informações de Atividade/Evento é obrigatório quando o código de tributação nacional pertencer ao item 12 da lista de serviços.	1	V	X	V	X	-
361							Rej.	E0392	O grupo de informações de Atividade/Evento não é permitido quando o código de tributação nacional não pertencer ao item 12 da lista de serviços, com exceção do código 99.01.01.	1	V	X	V	X	-
362		NFSe/infNFSe/DPS/infDPS/serv/atvEvento/	xNome	-			-	-	-	-	-	-	-	-	-
363		NFSe/infNFSe/DPS/infDPS/serv/atvEvento/	dtIni	-			-	-	-	-	-	-	-	-	-
364		NFSe/infNFSe/DPS/infDPS/serv/atvEvento/	dtFim	-			-	-	-	-	-	-	-	-	-
365		NFSe/infNFSe/DPS/infDPS/serv/atvEvento/	idAtvEvt	-			-	-	-	-	-	-	-	-	-
366		NFSe/infNFSe/DPS/infDPS/serv/atvEvento/	end	-			-	-	-	-	-	-	-	-	-
367		NFSe/infNFSe/DPS/infDPS/serv/atvEvento/end/	CEP	Se o município local da prestação da atividade de evento foi informado (cMunPrestacao foi informado), então o CEP deve ser informado e pertencer a este município.			Rej.	E0398	Informe um CEP correspondente ao município do local da prestação do serviço informado nesta DPS para indicar corretamente o endereço da atividade ou evento.	1	V	X	V	X	-
368							Rej.	E0400	O CEP não deve ser informado quando o endereço da atividade de evento ocorrer no exterior do país.	1	V	X	V	X	-
369		NFSe/infNFSe/DPS/infDPS/serv/atvEvento/end/	endExt	Se o pais da prestação da atividade de evento foi informado (cPaisPrestacao foi informado), então o grupo de informações do endereço no exterior deve ser informado.			Rej.	E0402	O grupo de informações de endereço da atividade de evento ocorrido no exterior deve ser informado quando o país do local da prestação for informado na DPS.	1	V	X	V	X	-
370							Rej.	E0404	O grupo de informações de endereço da atividade de evento ocorrido no exterior não deve ser informado quando o município do local da prestação for informado na DPS.	1	V	X	V	X	-
371		NFSe/infNFSe/DPS/infDPS/serv/atvEvento/end/endExt/	cEndPost	-			-	-	-	-	-	-	-	-	-
372		NFSe/infNFSe/DPS/infDPS/serv/atvEvento/end/endExt/	xCidade	-			-	-	-	-	-	-	-	-	-
373		NFSe/infNFSe/DPS/infDPS/serv/atvEvento/end/endExt/	xEstProvReg	-			-	-	-	-	-	-	-	-	-
374		NFSe/infNFSe/DPS/infDPS/serv/atvEvento/end/	xLgr	-			-	-	-	-	-	-	-	-	-
375		NFSe/infNFSe/DPS/infDPS/serv/atvEvento/end/	nro	-			-	-	-	-	-	-	-	-	-
376		NFSe/infNFSe/DPS/infDPS/serv/atvEvento/end/	xCpl	-			-	-	-	-	-	-	-	-	-
377		NFSe/infNFSe/DPS/infDPS/serv/atvEvento/end/	xBairro	-			-	-	-	-	-	-	-	-	-
378		NFSe/infNFSe/DPS/infDPS/serv	infoComplem	-			-	-	-	-	-	-	-	-	-
379		NFSe/infNFSe/DPS/infDPS/serv/	idDocTec	-			-	-	-	-	-	-	-	-	-
380		NFSe/infNFSe/DPS/infDPS/serv/	docRef	Quando o emitente da DPS for o tomador ou o intermediário do serviço (tpEmit = 2  ou 3, respectivamente) este campo deve ser obrigatoriamente informado.			Rej.	E0420	O documento de referência deve ser obrigatoriamente informado quando o emitente da DPS for o tomador ou intermediário do serviço.	1	V	X	V	X	-
381		NFSe/infNFSe/DPS/infDPS/serv/infoCompl/	xPed	-			-			-	-	-	-	-	-
382		NFSe/infNFSe/DPS/infDPS/serv/infoCompl/	gItemPed	-			-			-	-	-	-	-	-
383		NFSe/infNFSe/DPS/infDPS/serv/infoCompl/gItemPed/	xItemPed	-			-			-	-	-	-	-	-
384		NFSe/infNFSe/DPS/infDPS/serv/	xInfComp	-			-			-	-	-	-	-	-
385		NFSe/infNFSe/DPS/infDPS/	valores	-			-			-	-	-	-	-	-
386		NFSe/infNFSe/DPS/infDPS/valores/	vServPrest	-			-			-	-	-	-	-	-
387		NFSe/infNFSe/DPS/infDPS/valores/vServPrest/	vReceb	O valor recebido deve ser informado na DPS quando o intermediário do serviço for o emitente da DPS (tpEmit = 3).			Rej.	E0423	O valor recebido deve ser informado na DPS quando o intermediário do serviço for o emitente da DPS.	1	V	X	V	X	-
388							Rej.	E0424	O valor recebido não deve ser informado na DPS quando o prestador ou tomador do serviço for o emitente da DPS.	1	V	X	V	X	-
389							Rej.	E0425	O valor recebido não pode ser menor que o valor do serviço informado na DPS.	1	V	X	V	X	-
390		NFSe/infNFSe/DPS/infDPS/valores/vServPrest/	vServ	vDR é: \n um valor informado pelo emitente para dedução/redução da BC do ISSQN; \n  \n vCalcDR é: \n o cálculo do valor de dedução/redução da BC do ISSQN: \n  \n 1) Quando o valor de dedução/redução for apurado a partir de um percentual informado na DPS, calcular este percentual sobre o valor do serviço já abatido o valor do desconto incondicionado. \n Ex:  \n Valor de dedução/redução = (Valor do serviço - valor desconto incodicional) x  \n % de dedução/redução. \n  \n VServ >= desconto incondicionado + Valor de dedução/redução \n  \n 2) Quando um ou mais documentos são informados pelo emitente na DPS para dedução/redução da BC do ISSQN.  \n Neste caso o resultado do somatório é o valor deste campo do leiaute NFS-e; \n  \n --------------------------- \n  \n vInfoBM é: \n um valor informado pelo emitente para reduzir a BC do ISSQN; \n  \n VCalcBM é: \n o cálculo do valor de redução da BC do ISSQN a partir de benefício municipal: \n  \n 1) Quando o valor do benefício municipal for apurado a partir de um percentual parametrizado para redução da base de cálculo, aplicar o percentual parametrizado sobre o valor do serviço já abatidos os valores do desconto incondicionado e dedução/redução. \n  \n Ex:  \n Valor de benefício municipal = (Valor do serviço - valor desconto incodicional - valor de dedução/redução) x % de benefício municipal. \n  \n VServ >= desconto incondicionado + Valor de dedução/redução + valor de benefício municipal. \n  \n 2) Quando um valor monetário de benefício municipal é informado pelo emitente na DPS para redução da BC do ISSQN.	O valor do serviço deve ser maior ou igual ao somatório dos valores informados para Desconto Incondicionado, Deduções/Reduções e Benefício Municipal. \n  \n Valor do Serviço >= Desconto Incondicionado + Deduções/Reduções + Benefício Municipal \n  \n vServ >= descIncond + (vDR ou vCalcDR) + (vRedBCBM ou VCalcBM)	Obrig.	Rej.	E0427	O valor do serviço deve ser maior ou igual ao somatório dos valores informados para Desconto Incondicionado, Deduções/Reduções e Benefício Municipal.	2	V	X	V	X	-
391						Obrig.	Rej.	E0428	O valor do serviço deve ser maior ou igual ao somatório dos valores informados para Desconto Incondicionado, Desconto Condicionado, Deduções/Reduções, Benefício Municipal, valores de tributos devidos CP, IRRF, CSLL e ISSQN se o valor deste tributo for retido.	2	V	X	V	X	-
392						Obrig.	Rej.	E0429	O ISSQN não pode ser objeto de redução de base de cálculo que resulte em carga tributária menor que a decorrente da aplicação da alíquota mínima de 2,0% do valor do serviço, exceto para os serviços a que se referem aos subitens 042201, 042301, 050901, 070201, 070202, 070501 , 070502, 090201, 090202, 100101, 100102, 100103, 100104, 100105, 100201, 100202, 100301, 100401, 100402, 100403, 100501, 100502, 100601, 100701, 100801, 100901, 101001, 150101, 150102, 150103, 150104, 150105, 151001, 151002, 151003, 151004, 151005, 160101, 160102, 160103, 160104, 160201, 170501, 170601, 171001, 171002, 171101, 171102, 171201, 210101, 250301, da lista de serviços nacional do Sistema Nacional NFS-e.	2	V	X	V	X	-
393		NFSe/infNFSe/DPS/infDPS/valores/	vDescCondIncond	-			-	-	-	-	-	-	-	-	-
394		NFSe/infNFSe/DPS/infDPS/valores/vDescCondIncond/	vDescIncond	Verificar o valor do desconto incondicionado informado na DPS que deve ser menor que o valor do serviço e maior que zero.			Rej.	E0431	O valor do desconto incondicionado informado na DPS deve ser menor que o valor do serviço e maior que zero.	2	V	X	V	X	-
395		NFSe/infNFSe/DPS/infDPS/valores/vDescCondIncond/	vDescCond	Verificar se o valor do desconto condicionado informado na DPS deve ser menor que o valor do serviço e maior que zero.			Rej.	E0432	O valor do desconto condicionado informado na DPS deve ser menor que o valor do serviço e maior que zero.	2	V	X	V	X	-
396		NFSe/infNFSe/DPS/infDPS/valores/	vDedRed	Não é permitido o preenchimento dos campos do grupo de informações relativas à Dedução/Redução para o ISSQN quando ocorrer "Imunidade" (tribISSQN = 2), "Exportação de serviço" (tribISSQN = 3) ou "Não incidência" (tribISSQN = 4), ou seja, tpRetISSQN tem que ser igual a 1 (tpRetISSQN = 1).			Rej.	E0435	Não é permitido o preenchimento dos campos do grupo de informações relativas à Dedução/Redução do ISSQN quando ocorrer Imunidade, Exportação do serviço ou Não incidência.	2	V	X	V	X	-
397							Rej.	E0436	Não é permitido o preenchimento dos campos do grupo de informações relativas à Dedução/Redução do ISSQN quando o prestador de serviço é MEI.	2	V	X	V	X	-
398							Rej.	E0438	Não é permitido o preenchimento dos campos do grupo de informações relativas à Dedução/Redução do ISSQN, quando o prestador de serviço tiver algum regime especial de tributação.	2	V	X	V	X	-
399							Rej.	E0439	Não é permitido o preenchimento dos campos do grupo de informações relativas à Dedução/Redução do ISSQN, quando o benefício municipal informado na DPS for do tipo "Isenção".	2	V	X	V	X	-
400							Rej.	E0440	O tipo de dedução/redução informado na DPS não é permitida pelo município de incidência do ISSQN, conforme parametrizações do código de serviço do município de incidência.	2	V	X	X	X	-
401							Rej.	E0441	Não é permitido o preenchimento de informações relativas à Dedução/Redução para o prestador de serviço ME/EPP, apurando pelo SN conforme parametrização do código de serviço admnistrado pelo municipio de incidência do ISSQN.	2	V	X	X	X	-
402							Rej.	E0442	O tipo de dedução/redução informado na DPS não é permitida para o prestador de serviço ME/EPP, apurando pelo SN.	2	V	X	V	X	-
403		NFSe/infNFSe/DPS/infDPS/valores/vDedRed/	pDR	Se informado, o valor percentual para dedução/redução deve ser maior 0 e menor ou igual a 100%.			Rej.	E0453	O valor percentual para dedução/redução deve ser maior que 0 e menor ou igual a 100%.	1	V	X	V	X	-
404							Rej.	E0454	Código de serviço informado na DPS não permite dedução/redução na base de cálculo do ISSQN por percentual.	3	V	X	X	X	-
405							Rej.	E0444	O valor percentual  de dedução/redução informado na DPS não pode reduzir o valor da BC de forma que resulte no valor do ISSQN a uma alíquota efetiva menor que 2%, exceto para os códigos relativos aos subitens 042201, 042301, 050901, 070201, 070202, 070501 , 070502, 090201, 090202, 100101, 100102, 100103, 100104, 100105, 100201, 100202, 100301, 100401, 100402, 100403, 100501, 100502, 100601, 100701, 100801, 100901, 101001, 150101, 150102, 150103, 150104, 150105, 151001, 151002, 151003, 151004, 151005, 160101, 160102, 160103, 160104, 160201, 170501, 170601, 171001, 171002, 171101, 171102, 171201, 210101, 250301, da lista de serviços nacional do Sistema Nacional NFS-e.	2	V	X	X	X	O valor do desconto incondicionado, se informado na DPS, não é considerado para a redução do valor da BC de forma que resulte para valor do ISSQN a uma alíquota efetiva menor que 2%.
406		NFSe/infNFSe/DPS/infDPS/valores/vDedRed/	vDR	Código de serviço informado na DPS não permite dedução/redução na base de cálculo do ISSQN por valor monetário, conforme parametrização do município de incidência conveniado ao Sistema Nacional NFS-e.			Rej.	E0446	Código de serviço informado na DPS não permite dedução/redução na base de cálculo do ISSQN por valor monetário.	3	V	X	X	X	-
407							Rej.	E0447	O valor de dedução/redução informado na DPS não pode reduzir o valor da BC de forma que resulte no valor do ISSQN a uma alíquota efetiva menor que 2%, exceto para os códigos relativos aos subitens 042201, 042301, 050901, 070201, 070202, 070501 , 070502, 090201, 090202, 100101, 100102, 100103, 100104, 100105, 100201, 100202, 100301, 100401, 100402, 100403, 100501, 100502, 100601, 100701, 100801, 100901, 101001, 150101, 150102, 150103, 150104, 150105, 151001, 151002, 151003, 151004, 151005, 160101, 160102, 160103, 160104, 160201, 170501, 170601, 171001, 171002, 171101, 171102, 171201, 210101, 250301, da lista de serviços nacional do Sistema Nacional NFS-e.	2	V	X	X	X	O valor do desconto incondicionado, se informado na DPS, não é considerado para a redução do valor da BC de forma que resulte para valor do ISSQN a uma alíquota efetiva menor que 2%.
408		NFSe/infNFSe/DPS/infDPS/valores/vDedRed/	documentos	Código de serviço informado na DPS não permite dedução/redução na base de cálculo do ISSQN por documentos, conforme parametrização do município de incidência conveniado ao Sistema Nacional NFS-e.			Rej.	E0449	Código de serviço informado na DPS não permite dedução/redução na base de cálculo do ISSQN por documento informado.	3	V	X	X	X	-
409		NFSe/infNFSe/DPS/infDPS/valores/vDedRed/documentos	docDedRed	-			-	-	-	-	-	-	-	-	-
410		NFSe/infNFSe/DPS/infDPS/valores/vDedRed/documentos/docDedRed/	chNFSe	Chave de NFS-e inválida. \n  \n 1 - Verificar DV da chave de NFS-e informada neste campo desta DPS;			Rej.	E0455	Informe uma chave de NFS-e válida.	1	V	X	V	X	-
411							Rej.	E0456	NFS-e não existe na base de dados do autorizador de NFS-e nacional. Informe uma chave de NFS-e existente.	1	V	X	V	X	-
412							Rej.	E0458	Uma NFS-e cancelada não pode ser informada para dedução/redução.	2	V	X	X	X	-
413		NFSe/infNFSe/DPS/infDPS/valores/vDedRed/documentos/docDedRed/	chNFe	Chave de NF-e inválida. \n  \n 1 - Verificar DV da chave de NF-e informada neste campo desta DPS;			Rej.	E0460	Informe uma chave de NF-e válida.	1	V	X	V	X	-
414							Rej.	E0462	NF-e não existe na base de dados do autorizador de NF-e nacional. Informe uma chave de NF-e existente.	2	V	X	X	X	-
415							Rej.	E0464	Uma NF-e cancelada não pode ser informada para dedução/redução.	2	V	X	X	X	-
416		NFSe/infNFSe/DPS/infDPS/valores/vDedRed/documentos/docDedRed/	NFSeMun	-			-			-	-	-	-	-	-
417		NFSe/infNFSe/DPS/infDPS/valores/vDedRed/documentos/docDedRed/NFSeMun/	cMunNFSeMun	O código do município informado para o documento de nota não existe, conforme tabela de municípios do IBGE.			Rej.	E0466	Informe um código de município existente para o documento de nota, conforme tabela de municípios do IBGE.	1	V	V	V	V	-
418		NFSe/infNFSe/DPS/infDPS/valores/vDedRed/documentos/docDedRed/NFSeMun/	nNFSeMun	-			-			-	-	-	-	-	-
419		NFSe/infNFSe/DPS/infDPS/valores/vDedRed/documentos/docDedRed/NFSeMun/	cVerifNFSeMun	-			-			-	-	-	-	-	-
420		NFSe/infNFSe/DPS/infDPS/valores/vDedRed/documentos/docDedRed/	NFNFS	-			-			-	-	-	-	-	-
421		NFSe/infNFSe/DPS/infDPS/valores/vDedRed/documentos/docDedRed/NFNFS/	nNFS	-			-			-	-	-	-	-	-
422		NFSe/infNFSe/DPS/infDPS/valores/vDedRed/documentos/docDedRed/NFNFS/	modNFS	-			-			-	-	-	-	-	-
423		NFSe/infNFSe/DPS/infDPS/valores/vDedRed/documentos/docDedRed/NFNFS/	serieNFS	-			-			-	-	-	-	-	-
424		NFSe/infNFSe/DPS/infDPS/valores/vDedRed/documentos/docDedRed/	nDocFisc	 			-			-	-	-	-	-	-
425		NFSe/infNFSe/DPS/infDPS/valores/vDedRed/documentos/docDedRed/	nDoc	-			-			-	-	-	-	-	-
426		NFSe/infNFSe/DPS/infDPS/valores/vDedRed/documentos/docDedRed/	tpDedRed	-			-			-	-	-	-	-	-
427		NFSe/infNFSe/DPS/infDPS/valores/vDedRed/documentos/docDedRed/	xDescOutDed	O campo de descrição deve ser informado no caso de tpDedRed igual a 99 – Outras deduções.			Rej.	E0468	Informar, obrigatoriamente, o campo de descrição no caso ideDedRed igual a 99 – Outras deduções.	2	V	X	V	X	-
428							Rej.	E0470	Não informar o campo de descrição no caso ideDedRed diferente a 99 – Outras deduções.	2	V	X	V	X	-
429		NFSe/infNFSe/DPS/infDPS/valores/vDedRed/documentos/docDedRed/	dEmiDoc	 A data de emissão do documento informado na DPS não pode ser posterior à data de competência da DPS.			Rej.	E0472	A data de emissão do documento informado na DPS não pode ser posterior à data de competência da DPS.	1	V	X	V	X	-
430		NFSe/infNFSe/DPS/infDPS/valores/vDedRed/documentos/docDedRed/	vDedutivelRedutivel	-			-	-	-	-	-	-	-	-	-
431		NFSe/infNFSe/DPS/infDPS/valores/vDedRed/documentos/docDedRed/	vDeducaoReducao	O valor de dedução/redução não pode ser superior ao valor dedutível/redutível.			Rej.	E0474	O valor de dedução/redução não pode ser superior ao valor dedutível/redutível.	2	V	X	V	X	-
432							Rej.	E0476	O valor de dedução/redução informado na DPS não pode ser superior ao valor do serviço.	2	V	X	V	X	-
433		NFSe/infNFSe/DPS/infDPS/valores/vDedRed/documentos/docDedRed/	fornec	O grupo de informações para o fornecedor deve ser informado obrigatoriamente para todos os tipos de documentos informados, exceto para os tipos de documentos NFS-e e NF-e padrões nacionais.			Rej.	E0477	O grupo de informações para o fornecedor deve ser informado obrigatoriamente para o tipo de documento de dedução/redução informado na DPS.	2	V	X	V	X	-
434		NFSe/infNFSe/DPS/infDPS/valores/vDedRed/documentos/docDedRed/fornec/	CNPJ	CNPJ informado na DPS é inválido (verificar DV).			Rej.	E0478	CNPJ do fornecedor informado na DPS é inválido.	1	V	V	V	V	-
435							Rej.	E0482	CNPJ do fornecedor informado na DPS não encontrado no cadastro CNPJ.	1	V	V	X	X	-
436		NFSe/infNFSe/DPS/infDPS/valores/vDedRed/documentos/docDedRed/fornec/	CPF	CPF informado na DPS é inválido (verificar DV).			Rej.	E0484	CPF do fornecedor informado na DPS é inválido.	1	V	V	V	V	-
437							Rej.	E0488	CPF do fornecedor informado na DPS não encontrado no cadastro CPF.	1	V	V	X	X	-
438		NFSe/infNFSe/DPS/infDPS/valores/vDedRed/documentos/docDedRed/fornec/	NIF	-			-	-	-	-	-	-	-	-	-
439							Rej.	E1538	O NIF ou cNaoNIF do fornecedor deve ser informado quando o grupo de informações de endereço no exterior do fornecedor de serviços for informado.	1	V	X	V	X	-
440		NFSe/infNFSe/DPS/infDPS/valores/vDedRed/documentos/docDedRed/fornec/	cNaoNIF					
441							Rej.	E0490	Valor 0 para o motivo da não informação do NIF do fornecedor não é permitido na Sefin do Sistema Nacional NFS-e.	2	V	X	X	X	-
442		NFSe/infNFSe/DPS/infDPS/valores/vDedRed/documentos/docDedRed/fornec/	CAEPF	-			-	-	-	-	-	-	-	-	-
443		NFSe/infNFSe/DPS/infDPS/valores/vDedRed/documentos/docDedRed/fornec/	IM	-			-	-	-	-	-	-	-	-	-
444		NFSe/infNFSe/DPS/infDPS/valores/vDedRed/documentos/docDedRed/fornec/	xNome	-			-	-	-	-	-	-	-	-	-
445		NFSe/infNFSe/DPS/infDPS/valores/vDedRed/documentos/docDedRed/fornec/	endFornec	-			-	-	-	-	-	-	-	-	-
446		NFSe/infNFSe/DPS/infDPS/valores/vDedRed/documentos/docDedRed/fornec/end/	endNac	Se CNPJ ou CPF do fornecedor for informado, então o grupo de informaçoes de endereço nacional do fornecedor deve ser informado obrigatoriamente.     			Rej.	E0492	O grupo de informações de endereço nacional deve ser informado obrigatoriamente quando o fornecedor for identificado pelo CPF ou CNPJ.	1	V	X	V	X	-
447		NFSe/infNFSe/DPS/infDPS/valores/vDedRed/documentos/docDedRed/fornec/end/endNac/	cMun	O código do município informado para o endereço do fornecedor não existe, conforme tabela de municípios do IBGE.			Rej.	E0494	O código do município informado na DPS para o endereço do fornecedor do serviço não existe conforme tabela de município do IBGE.	1	V	V	V	V	-
448		NFSe/infNFSe/DPS/infDPS/valores/vDedRed/documentos/docDedRed/fornec/end/endNac/	CEP	O CEP informado deve existir e pertencer ao município correspondente ao código do município informado para o endereço do fornecedor.			Rej.	E0496	O CEP informado para o endereço nacional do fornecedor não existe ou não pertence ao município do endereço do fornecedor.	1	V	X	V	X	-
449		NFSe/infNFSe/DPS/infDPS/valores/vDedRed/documentos/docDedRed/fornec/end/	endExt	Se o NIF do fornecedor foi informado, então o grupo de informações de endereço no exterior do fornecedor deve ser informado obrigatoriamente.			Rej.	E0498	O grupo de informações de endereço no exterior deve ser informado obrigatoriamente quando o fornecedor for identificado pelo NIF.	1	V	X	V	X	-
450		NFSe/infNFSe/DPS/infDPS/valores/vDedRed/documentos/docDedRed/fornec/end/endExt/	cPais	O código de país informado para o endereço no exterior do fornecedor deve existir e ser diferente de Brasil (BR), conforme a tabela ISO2.			Rej.	E0499	O código de país informado para o endereço no exterior do fornecedor não existe ou é igual ao código do Brasil. Informe um código de país existente e diferente do codigo do Brasil (BR) para o endereço no exterior do fornecedor, conforme tabela de país do ANEXO_A-MUNICIPIO_IBGE-PAISES_ISO2-SNNFSe-ESPEC.	1	V	V	V	V	-
451		NFSe/infNFSe/DPS/infDPS/valores/vDedRed/documentos/docDedRed/fornec/end/endExt/	cEndPost	-			-	-	-	-	-	-	-	-	-
452		NFSe/infNFSe/DPS/infDPS/valores/vDedRed/documentos/docDedRed/fornec/end/endExt/	xCidade	-			-	-	-	-	-	-	-	-	-
453		NFSe/infNFSe/DPS/infDPS/valores/vDedRed/documentos/docDedRed/fornec/end/endExt/	xEstProvReg	-			-	-	-	-	-	-	-	-	-
454		NFSe/infNFSe/DPS/infDPS/valores/vDedRed/documentos/docDedRed/fornec/endFornec/	xLgr	-			-	-	-	-	-	-	-	-	-
455		NFSe/infNFSe/DPS/infDPS/valores/vDedRed/documentos/docDedRed/fornec/endFornec/	nro	-			-	-	-	-	-	-	-	-	-
456		NFSe/infNFSe/DPS/infDPS/valores/vDedRed/documentos/docDedRed/fornec/endFornec/	xCpl	-			-	-	-	-	-	-	-	-	-
457		NFSe/infNFSe/DPS/infDPS/valores/vDedRed/documentos/docDedRed/fornec/endFornec/	xBairro	-			-	-	-	-	-	-	-	-	-
458		NFSe/infNFSe/DPS/infDPS/valores/vDedRed/documentos/docDedRed/fornec/	fone	-			-			-	-	-	-	-	-
459		NFSe/infNFSe/DPS/infDPS/valores/vDedRed/documentos/docDedRed/fornec/	email	-			-			-	-	-	-	-	-
460		NFSe/infNFSe/DPS/infDPS/valores/	trib	-			-	-	-	-	-	-	-	-	-
461		NFSe/infNFSe/DPS/infDPS/valores/trib/	tribMun	-			-	-	-	-	-	-	-	-	-
462		NFSe/infNFSe/DPS/infDPS/valores/trib/tribMun/	tribISSQN	Não é permitido ao emitente informar se tratar de uma situação de exportação de serviço (tribISSQN = 3) para os cenários 6, 10, 34, 38, 66, 80, conforme a planilha "EXPORTACAO_EMISSÃO_NFS-e".			Rej.	E0529	O sistema considera este cenário para a prestação de serviço informada na DPS uma operação tributável. Não é permitido ao emitente da DPS informar que a prestação de serviço se trata de uma exportação de serviço.	2	V	X	V	X	Os campos a serem verificados conforme os cenários são: \n 6 \n NFSe/infNFSe/DPS/infDPS/toma/end/endNac/cMun \n NFSe/infNFSe/DPS/infDPS/interm/end/endNac/cMun \n NFSe/infNFSe/DPS/infDPS/serv/locPrest/cLocPrestacao \n NFSe/infNFSe/DPS/infDPS/serv/cServ/cTribNac \n Resultado do local de incidência = ET  \n NFSe/infNFSe/DPS/infDPS/valores/trib/tribMun/tribISSQN \n tribISSQN = 3 (Exportação de Serviço) \n  \n 10 \n NFSe/infNFSe/DPS/infDPS/toma/end/endNac/cMun \n NFSe/infNFSe/DPS/infDPS/interm/end/endNac/cMun \n NFSe/infNFSe/DPS/infDPS/serv/locPrest/cLocPrestacao \n NFSe/infNFSe/DPS/infDPS/serv/cServ/cTribNac \n Resultado do local de incidência = LP  \n NFSe/infNFSe/DPS/infDPS/valores/trib/tribMun/tribISSQN \n tribISSQN = 3 (Exportação de Serviço) \n  \n 34 \n NFSe/infNFSe/DPS/infDPS/toma/end/endNac/cMun \n NFSe/infNFSe/DPS/infDPS/interm/end/endExt/cPais \n NFSe/infNFSe/DPS/infDPS/serv/locPrest/cLocPrestacao \n NFSe/infNFSe/DPS/infDPS/serv/cServ/cTribNac \n Resultado do local de incidência = ET   \n NFSe/infNFSe/DPS/infDPS/valores/trib/tribMun/tribISSQN \n tribISSQN = 3 (Exportação de Serviço) \n  \n 38 \n NFSe/infNFSe/DPS/infDPS/toma/end/endNac/cMun \n NFSe/infNFSe/DPS/infDPS/interm/end/endExt/cPais \n NFSe/infNFSe/DPS/infDPS/serv/locPrest/cLocPrestacao \n NFSe/infNFSe/DPS/infDPS/serv/cServ/cTribNac \n Resultado do local de incidência = LP  \n NFSe/infNFSe/DPS/infDPS/valores/trib/tribMun/tribISSQN \n tribISSQN = 3 (Exportação de Serviço) \n  \n 66 \n NFSe/infNFSe/DPS/infDPS/toma/end/endExt/cPais \n NFSe/infNFSe/DPS/infDPS/interm/end/endNac/cMun \n NFSe/infNFSe/DPS/infDPS/serv/locPrest/cLocPrestacao \n NFSe/infNFSe/DPS/infDPS/serv/cServ/cTribNac \n Resultado do local de incidência = LP  \n NFSe/infNFSe/DPS/infDPS/valores/trib/tribMun/tribISSQN \n tribISSQN = 3 (Exportação de Serviço) \n  \n 80 \n NFSe/infNFSe/DPS/infDPS/toma/end/endExt/cPais \n NFSe/infNFSe/DPS/infDPS/interm/end/endExt/cPais \n NFSe/infNFSe/DPS/infDPS/serv/locPrest/cLocPrestacao \n NFSe/infNFSe/DPS/infDPS/serv/cServ/cTribNac \n Resultado do local de incidência = LP  \n NFSe/infNFSe/DPS/infDPS/valores/trib/tribMun/tribISSQN \n tribISSQN = 3 (Exportação de Serviço) \n  
463	
464							Rej.	E0530	O sistema considera este cenário para a prestação de serviço informada na DPS uma exportação de serviço. Não é permitido ao emitente da DPS informar que a prestação de serviço se trata de uma operação tributável.	2	V	X	V	X	Os campos a serem verificados conforme os cenários são: \n  \n 26 \n NFSe/infNFSe/DPS/infDPS/toma/end/endNac/cMun \n NFSe/infNFSe/DPS/infDPS/interm/end/endNac/cMun \n NFSe/infNFSe/DPS/infDPS/serv/locPrest/cLocPrestacao \n NFSe/infNFSe/DPS/infDPS/serv/cServ/cTribNac \n Resultado do local de incidência = EP  \n NFSe/infNFSe/DPS/infDPS/valores/trib/tribMun/tribISSQN \n tribISSQN = 3 (Exportação de Serviço) \n  \n 54 \n NFSe/infNFSe/DPS/infDPS/toma/end/endNac/cMun \n NFSe/infNFSe/DPS/infDPS/interm/end/endExt/cPais \n NFSe/infNFSe/DPS/infDPS/serv/locPrest/cLocPrestacao \n NFSe/infNFSe/DPS/infDPS/serv/cServ/cTribNac \n Resultado do local de incidência = EP  \n NFSe/infNFSe/DPS/infDPS/valores/trib/tribMun/tribISSQN \n tribISSQN = 3 (Exportação de Serviço) \n  \n 92 \n NFSe/infNFSe/DPS/infDPS/toma/end/endExt/cPais \n NFSe/infNFSe/DPS/infDPS/interm/end/endNac/cMun \n NFSe/infNFSe/DPS/infDPS/serv/locPrest/cLocPrestacao \n NFSe/infNFSe/DPS/infDPS/serv/cServ/cTribNac \n Resultado do local de incidência = EP  \n NFSe/infNFSe/DPS/infDPS/valores/trib/tribMun/tribISSQN \n tribISSQN = 3 (Exportação de Serviço) \n  \n 96 \n NFSe/infNFSe/DPS/infDPS/toma/end/endExt/cPais \n NFSe/infNFSe/DPS/infDPS/interm/end/endNac/cMun \n NFSe/infNFSe/DPS/infDPS/serv/locPrest/cLocPrestacao \n NFSe/infNFSe/DPS/infDPS/serv/cServ/cTribNac \n Resultado do local de incidência = ET \n NFSe/infNFSe/DPS/infDPS/valores/trib/tribMun/tribISSQN \n tribISSQN = 3 (Exportação de Serviço) \n  \n 106 \n NFSe/infNFSe/DPS/infDPS/toma/end/endExt/cPais \n NFSe/infNFSe/DPS/infDPS/interm/end/endExt/cPais \n NFSe/infNFSe/DPS/infDPS/serv/locPrest/cLocPrestacao \n NFSe/infNFSe/DPS/infDPS/serv/cServ/cTribNac \n Resultado do local de incidência = EP \n NFSe/infNFSe/DPS/infDPS/valores/trib/tribMun/tribISSQN \n tribISSQN = 3 (Exportação de Serviço) \n  \n 110 \n NFSe/infNFSe/DPS/infDPS/toma/end/endExt/cPais \n NFSe/infNFSe/DPS/infDPS/interm/end/endExt/cPais \n NFSe/infNFSe/DPS/infDPS/serv/locPrest/cLocPrestacao \n NFSe/infNFSe/DPS/infDPS/serv/cServ/cTribNac \n Resultado do local de incidência = ET \n NFSe/infNFSe/DPS/infDPS/valores/trib/tribMun/tribISSQN \n tribISSQN = 3 (Exportação de Serviço) \n  
465	
466							Rej.	E0532	O campo que informa sobre a tributação do ISSQN deve ser "4 - Não Incidência", quando houver o serviço prestado for 99.01.01 - Serviços sem a incidência de ISSQN e ICMS.	2	V	X	V	X	-
467							Rej.	E0539	Não é permitido informar não incidência do ISSQN = 4 (Não Incidência) para qualquer subitem da lista nacional de serviço informado na DPS, se o subitem for incidente, conforme a parametrização do município de incidência do ISSQN.	2	V	X	X	X
468							Rej.	E0540	Não há incidência do ISSQN (tribISSQN = 4) pois a parametrização do muncípio de incidência do ISSQN indica que o código de serviço prestado, informado na DPS, não é incidente neste município.	2	V	X	V	X	-
469		NFSe/infNFSe/DPS/infDPS/valores/trib/tribMun/	cPaisResult	Se, a tributação do ISSQN é igual à Exportação de serviço e Local da Prestação do Serviço é no Brasil e o Serviço prestado tem incidência no Local do Estabelecimento do Prestador, conforme LC 116/03, \n ou \n Se, a tributação do ISSQN é igual à Exportação de serviço e Local da Prestação do Serviço é no Brasil e o Serviço prestado tem incidência no Local do Estabelecimento do Tomador, conforme LC 116/03, e o Endereço do Tomador do serviço é no Exterior ou não informado, \n Então, \n é obrigatório informar o código do país onde ocorreu o resultado do serviço prestado. \n  \n obs: todos os cenários iguais a 2, 30, 58, 62, 72, 76, conforme a planilha "EXPORTACAO_EMISSÃO_NFS-e".			Rej.	E0590	É obrigatório informar o código do país onde ocorreu o resultado do serviço prestado para os cenários 2, 30, 58, 62, 72, 76, conforme a planilha "EXPORTACAO_EMISSÃO_NFS-e".	2	V	X	V	X	Os campos a serem verificados conforme os cenários são: \n 2 \n NFSe/infNFSe/DPS/infDPS/toma/end/endNac/cMun \n NFSe/infNFSe/DPS/infDPS/interm/end/endNac/cMun \n NFSe/infNFSe/DPS/infDPS/serv/locPrest/cLocPrestacao \n NFSe/infNFSe/DPS/infDPS/serv/cServ/cTribNac \n Resultado do local de incidência = EP  \n NFSe/infNFSe/DPS/infDPS/valores/trib/tribMun/tribISSQN \n tribISSQN = 3 (Exportação de Serviço) \n  \n 30 \n NFSe/infNFSe/DPS/infDPS/toma/end/endNac/cMun \n NFSe/infNFSe/DPS/infDPS/interm/end/endExt/cPais \n NFSe/infNFSe/DPS/infDPS/serv/locPrest/cLocPrestacao \n NFSe/infNFSe/DPS/infDPS/serv/cServ/cTribNac \n Resultado do local de incidência = EP  \n NFSe/infNFSe/DPS/infDPS/valores/trib/tribMun/tribISSQN \n tribISSQN = 3 (Exportação de Serviço) \n  \n 58 \n NFSe/infNFSe/DPS/infDPS/toma/end/endExt/cPais \n NFSe/infNFSe/DPS/infDPS/interm/end/endNac/cMun \n NFSe/infNFSe/DPS/infDPS/serv/locPrest/cLocPrestacao \n NFSe/infNFSe/DPS/infDPS/serv/cServ/cTribNac \n Resultado do local de incidência = EP  \n NFSe/infNFSe/DPS/infDPS/valores/trib/tribMun/tribISSQN \n tribISSQN = 3 (Exportação de Serviço) \n  \n 62 \n NFSe/infNFSe/DPS/infDPS/toma/end/endExt/cPais \n NFSe/infNFSe/DPS/infDPS/interm/end/endNac/cMun \n NFSe/infNFSe/DPS/infDPS/serv/locPrest/cLocPrestacao \n NFSe/infNFSe/DPS/infDPS/serv/cServ/cTribNac \n Resultado do local de incidência = ET \n NFSe/infNFSe/DPS/infDPS/valores/trib/tribMun/tribISSQN \n tribISSQN = 3 (Exportação de Serviço) \n  \n 72 \n NFSe/infNFSe/DPS/infDPS/toma/end/endExt/cPais \n NFSe/infNFSe/DPS/infDPS/interm/end/endExt/cPais \n NFSe/infNFSe/DPS/infDPS/serv/locPrest/cLocPrestacao \n NFSe/infNFSe/DPS/infDPS/serv/cServ/cTribNac \n Resultado do local de incidência = EP \n NFSe/infNFSe/DPS/infDPS/valores/trib/tribMun/tribISSQN \n tribISSQN = 3 (Exportação de Serviço) \n  \n 76 \n NFSe/infNFSe/DPS/infDPS/toma/end/endExt/cPais \n NFSe/infNFSe/DPS/infDPS/interm/end/endExt/cPais \n NFSe/infNFSe/DPS/infDPS/serv/locPrest/cLocPrestacao \n NFSe/infNFSe/DPS/infDPS/serv/cServ/cTribNac \n Resultado do local de incidência = ET \n NFSe/infNFSe/DPS/infDPS/valores/trib/tribMun/tribISSQN \n tribISSQN = 3 (Exportação de Serviço) \n  
470							Rej.	E0591	Não é permitido informar o código do país onde ocorreu o resultado do serviço prestado para os cenários diferentes de 2, 30, 58, 62, 72, 76 conforme a planilha "EXPORTACAO_EMISSÃO_NFS-e".	2	V	X	V	X
471		NFSe/infNFSe/DPS/infDPS/valores/trib/tribMun/	tpImunidade	Obrigatório e informado somente quando o campo referente à tributação do ISSQN for igual a 2 (tribISSQN = 2).			Rej.	E0592	O tipo de imunidade é obrigatório e deve ser informado somente quando o campo referente à tributação do ISSQN for igual a "2 - Imunidade".	2	V	X	V	X	-
472							Rej.	E0593	Não permitido o valor "0 - Imunidade (tipo não informado na nota de origem)" na DPS quando utilizado os Emissores Públicos Nacionais para emissao de NFS-e.	2	V	X	X	X	-
473		NFSe/infNFSe/DPS/infDPS/valores/trib/tribMun/	exigSusp	Não é permitido informar suspensão da exigibilidade do ISSQN por decisão judicial ou administrativa, quando o serviço prestado for imune, exportação de serviço ou não incidência do ISSQN sobre o serviço prestado, ou seja, o campo referente à tributação do ISSQN (tribISSQN) é igual a "2 - Imunidade, "3 - Exportação de Serviço" ou "4 - Não Incidência", (tribISSQN = 2, 3 ou 4).			Rej.	E0585	Somente é permitido informar suspensão de exigibilidade quando a opção da tributação do ISSQN for uma operação tributável  \n (tribISSQN = 1).	2	V	X	V	X	-
474		NFSe/infNFSe/DPS/infDPS/valores/trib/tribMun/exigSusp/	tpSusp	-			-	-	-	-	-	-	-	-	-
475		NFSe/infNFSe/DPS/infDPS/valores/trib/tribMun/exigSusp/	nProcesso	-			-	-	-	-	-	-	-	-	-
476		NFSe/infNFSe/DPS/valores/trib/tribMun/	BM	Não é permitido informar BM quando o serviço prestado for imune, exportação de serviço ou não incidência do ISSQN sobre o serviço prestado, ou seja, o campo referente à tributação do ISSQN (tribISSQN) é igual a "2 - Imunidade, "3 - Exportação de Serviço" ou "4 - Não Incidência", (tribISSQN = 2, 3 ou 4).			Rej.	E0533	Não é permitido informar Benefício Municipal (BM deve ser nulo) quando o serviço prestado diferente de Tributável (tribISSQN = 1), ou seja, tribISSQN = 2, 3 ou 4.	2	V	X	V	X	-
477							Rej.	E0534	Não é permitido o preenchimento de informações relativas à benefício municipal para o prestador de serviço MEI.	2	V	X	V	X	-
478							Rej.	E0535	Não é permitido informar benefício municipal quando o prestador de serviço tiver um regime especial de tributação, ou seja, o campo que indica o regime especial de tributação é diferente de 0, (regEspTrib = 1, 2, 3, 4, 5, 6 ou 9).	2	V	X	V	X	-
479							Rej.	E0537	Não é permitido informar benefício municipal (BM deve ser nulo) quando o município de incidência do ISSQN não está "Ativo" no Sistema Nacional NFS-e.	2	V	X	V	X	-
480							Rej.	E0536	Não é permitido o preenchimento de informações relativas à benefício municipal para o prestador de serviço ME/EPP, apurando pelo SN, conforme parametrização do código de serviço admnistrado pelo municipio de incidência do ISSQN.	3	V	X	V	X	-
481		NFSe/infNFSe/DPS/valores/trib/tribMun/BM/	nBM	O código de identificação do Benefício Municipal não existente para municipio de incidência do ISSQN.			Rej.	E0541	Não existe o código de identificação do benefício municipal informado na DPS para o municipío de incidência do ISSQN.	3	V	X	X	X	-
482							Rej.	E0544	Período de vigência expirado para o código de identificação do Benefício Municipal no municipío de incidência do ISSQN para a data de competência informada na DPS.	3	V	X	X	X	-
483							Rej.	E0548	O Benefício Municipal informado na DPS não permite benefício para prestadores de serviço que não estejam estabelecidos no município de incidência do ISSQN.	3	V	X	X	X	-
484							Rej.	E0550	O código de identificação de Benefício Municipal, informada na DPS, não permite benefício para o código de tributação e/ou prestador (CPF ou CNPJ) informado na DPS, conforme parametrização do município de incidência do ISSQN.	3	V	X	X	X	-
485		NFSe/infNFSe/DPS/valores/trib/tribMun/BM/	vRedBCBM	Somente é permitido informar vRedBCBM quando o código de identificação do Benefício Municipal (nBM) for um benefício do tipo Redução de Base de Cálculo por Valor Monetário.			Rej.	E0565	Não é permitido informar um valor monetário de redução de base de cálculo do ISSQN por benefício municipal, se o código de identificação do Benefício Municipal não corresponder ao tipo de redução por valor monetário.	3	V	X	X	X	-
486							Rej.	E0567	É obrigatório informar vRedBCBM quando o código de identificação do Benefício Municipal (nBM) for um benefício do tipo Redução de Base de Cálculo por Valor Monetário.	3	V	X	X	X	-
487							Rej.	E0574	O valor monetário do benefício municipal informado na DPS não pode ser superior ao valor do serviço.	3	V	X	X	X	-
488							Rej.	E0575	O valor monetário do benefício municipal informado na DPS não pode reduzir o valor da BC de forma que resulte no valor do ISSQN a uma alíquota efetiva menor que 2%, exceto para os códigos relativos aos subitens 042201, 042301, 050901, 070201, 070202, 070501 , 070502, 090201, 090202, 100101, 100102, 100103, 100104, 100105, 100201, 100202, 100301, 100401, 100402, 100403, 100501, 100502, 100601, 100701, 100801, 100901, 101001, 150101, 150102, 150103, 150104, 150105, 151001, 151002, 151003, 151004, 151005, 160101, 160102, 160103, 160104, 160201, 170501, 170601, 171001, 171002, 171101, 171102, 171201, 210101, 250301, da lista de serviços nacional do Sistema Nacional NFS-e.	2	V	X	X	X	O valor do desconto incondicionado, se informado na DPS, não é considerado para a redução do valor da BC de forma que resulte para valor do ISSQN a uma alíquota efetiva menor que 2%. (desconsiderar vCalcReepRepRes e vDescIncond)
489		NFSe/infNFSe/DPS/valores/trib/tribMun/BM/	pRedBCBM	Somente é permitido informar pRedBCBM quando o código de identificação do Benefício Municipal (nBM) for um benefício do tipo Redução de Base de Cálculo por percentual.			Rej.	E0577	Não é permitido informar um valor percentual de redução de base de cálculo do ISSQN por benefício municipal, se o código de identificação do Benefício Municipal não corresponder ao tipo de redução por valor percentual.	3	V	X	X	X	-
490							Rej.	E0579	É obrigatório informar pRedBCBM quando o código de identificação do Benefício Municipal (nBM) for um benefício do tipo Redução de Base de Cálculo por percentual.	3	V	X	X	X	-
491							Rej.	E0586	O valor percentual para redução da base de cálculo deve ser maior que 0 e menor ou igual ao percentual parametrizado pelo município de incidência do ISSQN.	3	V	X	X	X	-
492							Rej.	E0587	O valor percentual do benefício municipal informado na DPS não pode reduzir o valor da BC de forma que resulte no valor do ISSQN a uma alíquota efetiva menor que 2%, exceto para os códigos relativos aos subitens 042201, 042301, 050901, 070201, 070202, 070501 , 070502, 090201, 090202, 100101, 100102, 100103, 100104, 100105, 100201, 100202, 100301, 100401, 100402, 100403, 100501, 100502, 100601, 100701, 100801, 100901, 101001, 150101, 150102, 150103, 150104, 150105, 151001, 151002, 151003, 151004, 151005, 160101, 160102, 160103, 160104, 160201, 170501, 170601, 171001, 171002, 171101, 171102, 171201, 210101, 250301, da lista de serviços nacional do Sistema Nacional NFS-e.	2	V	X	X	X	O valor do desconto incondicionado, se informado na DPS, não é considerado para a redução do valor da BC de forma que resulte para valor do ISSQN a uma alíquota efetiva menor que 2%.
493		NFSe/infNFSe/DPS/infDPS/valores/trib/tribMun/	 tpRetISSQN	Não é permitido haver retenção do ISSQN (tpRetISSQN = 2 ou 3) quando o serviço prestado for imune, exportação de serviço ou não incidência do ISSQN sobre o serviço prestado, ou seja, o campo tpRetISSQ = 1 quando o campo referente à tributação do ISSQN (tribISSQN) é igual a "2 - Imunidade, "3 - Exportação de Serviço" ou "4 - Não Incidência", (tribISSQN = 2, 3 ou 4).			Rej.	E0580	Não é permitido haver retenção quando o campo referente à tributação do ISSQN indicar imunidade, exportação ou não incidência.	2	V	X	V	X	-
494							Rej.	E0583	Não é permitido retenção do ISSQN para o prestador do serviço que seja MEI na data de competência informada na DPS.	2	V	X	X	X	-
495							Rej.	E0588	Não é permitido retenção do ISSQN para o prestador do serviço que tenha algum regime especial de tributação na data de competência informada na DPS.	2	V	X	V	X	-
496							Rej.	E0594	Não é permitido retenção do ISSQN quando houver Benefício Municipal do tipo Isenção.	2	V	X	V	X	-
497							Rej.	E0596	Não é permitido retenção do ISSQN quando o serviço prestado corresponder ao subitem 220101 - Serviço de exploração de rodovia da lista de serviços do Sistema Nacional NFS-e.	2	V	X	V	X	-
498							Rej.	E0650	Em caso de importação de serviço pelo tomador, o ISSQN deve ser retido pelo tomador.	2	V	X	V	X	-
499							Rej.	E0652	Em caso de importação de serviço pelo intermediário, o ISSQN deve ser retido pelo intermediário.	2	V	X	V	X	-
500							Rej.	E0667	Município da incidência do ISSQN não autoriza que o CPF do tomador informado na DPS seja indicado para retenção deste imposto.	3	V	X	X	X	-
501							Rej.	E0670	Município da incidência do ISSQN não autoriza que o CPF do intermediário informado na DPS seja indicado para retenção deste imposto.	3	V	X	X	X	-
502							Rej.	E0672	Não pode haver retenção do ISSQN se e o tomador for o emitente da DPS e estiver estabelecido em município diferente do município de incidência do ISSQN.	2	V	X	V	X	-
503							Rej.	E0673	Não pode haver retenção do ISSQN se e o intermediário for o emitente da DPS e estiver estabelecido em município diferente do município de incidência do ISSQN.	2	V	X	V	X	-
504		NFSe/infNFSe/DPS/infDPS/valores/trib/tribMun/	pAliq	Não é permitido informar alíquota superior a 5%.			Rej.	E0595	Não é permitido informar alíquota superior a 5%.	2	V	X	V	X	-
505							Rej.	E0600	Não é permitido informar a alíquota para prestador de serviço optante do simples nacional do tipo MEI.	2	V	X	V	X	-
506							Rej.	E0602	Não é permitido informar alíquota quando o campo referente à tributação do ISSQN indicar imunidade, exportação ou não incidência.	2	V	X	V	X	-
507							Rej.	E0604	Não é permitido informar alíquota quando o prestador de serviço possui algum regime especial de tributação.	2	V	X	V	X	-
508							Rej.	E0612	Não é permitido informar alíquota quando o benefício municipal informado na DPS for do tipo "Isenção" ou "Alíquota Diferenciada".	3	V	X	X	X	-
509							Rej.	E0617	Não é permitido informar alíquota quando o prestador de serviço não é optante do simples nacional (opSimpNac = 1) na data de competência informada na DPS, com o município de incidência do ISSQN com situação "ATIVO" no Sistema Nacional NFS-e.	3	V	X	X	X	-
510							Rej.	E0619	É obrigatório informar alíquota quando o prestador de serviço não é optante do simples nacional (opSimpNac = 1) na data de competência informada na DPS, o município de incidência do ISSQN não está com situação "ATIVO" no Sistema Nacional NFS-e e não haja algum regime especial de tributaçao para o prestador.	3	V	X	X	X	-
511							Rej.	E0621	É obrigatório informar alíquota quando há indicação de retenção do ISSQN (tpRetISSQN = 2 ou 3) para o prestador de serviço ME/EPP (opSimpNac = 3) na data de competência informada na DPS, com apuração do ISSQN pelo simples nacional (regApTribISSQN = 1), sem benefício municipal ou, se houver, seja diferente de isenção ou alíquota diferenciada, cujo município de incidência esteja Ativo no Sistema Nacional NFS-e. Obs: neste cenário, o percentual da alíquota mínima informada permitida é 1,8%.	3	V	X	X	X	-
512							Rej.	E0625	Não é permitido informar alíquota quando não há indicação de retenção do ISSQN (tpRetISSQN = 1) para o prestador de serviço ME/EPP (opSimpNac = 3) na data de competência informada na DPS, com apuração do ISSQN pelo simples nacional (regApTribISSQN = 1), sem benefício municipal ou, se houver, seja diferente de isenção ou alíquota diferenciada, cujo município de incidência esteja Ativo no Sistema Nacional NFS-e.	3	V	X	X	X	-
513							Rej.	E0628	É obrigatório informar alíquota quando o município de incidência do ISSQN não está Ativo no Sistema Nacional NFS-e, para o prestador de serviço ME/EPP (opSimpNac = 3) na data de competência informada na DPS, com apuração do ISSQN pelo simples nacional (regApTribISSQN = 1), com retenção do ISSQN (tpRetISSQN = 2 ou 3). Obs: neste cenário, o percentual da alíquota mínima informada permitida é 1,8%.	3	V	X	X	X	-
514							Rej.	E0631	Não é permitido informar alíquota quando o município de incidência do ISSQN não está Ativo no Sistema Nacional NFS-e, para o prestador de serviço ME/EPP (opSimpNac = 3) na data de competência informada na DPS, com apuração do ISSQN pelo simples nacional (regApTribISSQN = 1) sem retenção do ISSQN (tpRetISSQN = 1).	3	V	X	X	X	-
515							Rej.	E0635	Não é permitido informar alíquota quando o convênio do município de incidência do ISSQN está ativo na data de competência informada na DPS, para o prestador de serviço ME/EPP (opSimpNac = 3) com a apuração do ISSQN fora do Simples Nacional, ou seja, pela alíquota do município para o serviço prestado (regApTribSN = 2 ou 3).	3	V	X	X	X	-
516							Rej.	E0640	É obrigatório informar alíquota quando o prestador de serviço ME/EPP (opSimpNac = 3) na data de competência informada na DPS, com apuração do ISSQN fora do Simples Nacional (regApTribISSQN = 2 ou 3), ou seja, pela alíquota do município para o serviço prestado, cujo município de incidência não esteja "Ativo" no Sistema Nacional NFS-e.	3	V	X	X	X	-
517		NFSe/infNFSe/DPS/infDPS/valores/trib/	tribFed	Não é permitido o preenchimento das informações relativas aos tributos federais quando o emitente da DPS for identificado por uma pessoa física (CPF).			Obrig.	E0675	Não é permitido a prestação de informações relativas aos tributos federais quando o emitente da DPS for identificado por um pessoa física (CPF).	1	V	X	V	X	-
518							Obrig.	E0676	Não é permitido o preenchimento das informações relativas aos tributos federais quando o emitente for identificado como MEI na data de competência informada na DPS.	1	V	X	X	X	-
519		NFSe/infNFSe/DPS/infDPS/valores/trib/tribFed/	pisconfins	-			-	-	-	-	-	-	-	-	-
520		NFSe/infNFSe/DPS/infDPS/valores/trib/tribFed/piscofins/	CST	-			-	-	-	-	-	-	-	-	-
521		NFSe/infNFSe/DPS/infDPS/valores/trib/tribFed/piscofins/	vBCPisCofins	O valor da BC para Pis/Cofins deve ser menor ou igual ao valor do serviço informado na DPS.			Obrig.	E0677	O valor da BC para Pis/Cofins deve ser menor ou igual ao valor do serviço informado na DPS.	1	V	X	V	X	-
522		NFSe/infNFSe/DPS/infDPS/valores/trib/tribFed/piscofins/	pAliqPis	Se a alíquota do Pis (pAliqPis) for informada, então deve ser igual ou maior que 0 e menor ou igual a 100%.			Rej.	E0686	A alíquota do Pis deve ser igual ou maior que 0 e menor ou igual a 100%.	1	V	X	V	X	-
523		NFSe/infNFSe/DPS/infDPS/valores/trib/tribFed/piscofins/	pAliqCofins	Se a alíquota do Cofins (pAliqCofins) for informada, então deve ser igual ou maior que 0 e menor ou igual a 100%.			Rej.	E0692	A alíquota do Cofins deve ser igual ou maior que 0 e menor ou igual a 100%.	1	V	X	V	X	-
524		NFSe/infNFSe/DPS/infDPS/valores/trib/tribFed/piscofins/	vPis	Se o valor da alíquota do Pis (pAliqPis) for informado, então o valor do Pis informado na DPS deve ser igual ao valor da base de cálculo do Pis/Cofins x alíquota do Pis, que foram informados na DPS.			Rej.	E0694	O valor do Pis informado não corresponde ao resultado da BC Pis/Cofins x Alíquota Pis, que foram informados na DPS.	1	V	X	V	X	-
525		NFSe/infNFSe/DPS/infDPS/valores/trib/tribFed/piscofins/	vCofins	Se o valor da alíquota do Cofins (pAliqCofins) for informado, então o valor Cofins informado na DPS deve ser igual ao valor da base de cálculo do Pis/Cofins x alíquota do Cofins , que foram informados na DPS.			Rej.	E0696	O valor do Cofins informado não corresponde ao resultado da BC Pis/Cofins x Alíquota Cofins, que foram informados na DPS.	1	V	X	V	X	-
526		NFSe/infNFSe/DPS/infDPS/valores/trib/tribFed/piscofins/	 tpRetPisCofins	-			-	-	-	1	V	X	V	X	-
527		NFSe/infNFSe/DPS/infDPS/valores/trib/tribFed/	vRetCP	Se o valor do tributo CP for informado, então deve ser maior que zero e menor que o valor do serviço informado na DPS.			Rej.	E0699	O valor do tributo CP deve ser maior que zero e menor que o valor do serviço informado na DPS.	1	V	X	V	X	-
528		NFSe/infNFSe/DPS/infDPS/valores/trib/tribFed/	vRetIRRF	Se o valor do tributo IRRF for informado, então deve ser maior que zero e menor que o valor do serviço informado na DPS.			Rej.	E0700	O valor do tributo IRRF deve ser maior que zero e menor que o valor do serviço informado na DPS.	1	V	X	V	X	-
529		NFSe/infNFSe/DPS/infDPS/valores/trib/tribFed/	vRetCSLL	Se o tipo de retenção do PIS/COFINS/CSLL for igual a "0 - PIS/COFINS/CSLL Não Retidos", então não é permitido informar o campo vRetCSLL.			Rej.	E0720	Se o tipo de retenção do PIS/COFINS for igual a "0 - PIS/COFINS/CSLL Não Retidos", então não é permitido informar o campo vRetCSLL.	1	V	X	V	V	-
530							Rej.	E0724	Se o tipo de retenção do PIS/COFINS for diferente de "0 - PIS/COFINS/CSLL Não Retidos" ou  \n de "2 - PIS/COFINS Não Retido", então é obrigatório informar o campo vRetCSLL.	1	V	X	V	V	-
531							Rej.	E0701	O valor do tributo CSLL deve ser maior que zero e menor que o valor do serviço informado na DPS.	1	V	X	V	X	-
532		NFSe/infNFSe/DPS/infDPS/valores/trib/	totTrib	-			-	-	-	-	-	-	-	-	-
533		NFSe/infNFSe/DPS/infDPS/valores/trib/totalTrib	vTotTrib	-			-	-	-	-	-	-	-	-	-
534		NFSe/infNFSe/DPS/infDPS/valores/trib/totalTrib/vTotTrib	vTotTribFed	Se valor for informado, então deve ser igual ou maior que 0 e menor ou igual o valor do serviço.			Rej.	E0702	Se o valor for informado, então deve ser igual ou maior que 0 e menor ou igual o valor do serviço.	1	V	X	V	X	-
535		NFSe/infNFSe/DPS/infDPS/valores/trib/totalTrib/vTotTrib	vTotTribEst	Se valor for informado, então deve ser igual ou maior que 0 e menor ou igual o valor do serviço.			Rej.	E0703	Se o valor for informado, então deve ser igual ou maior que 0 e menor ou igual o valor do serviço.	1	V	X	V	X	-
536		NFSe/infNFSe/DPS/infDPS/valores/trib/totalTrib/vTotTrib	vTotTribMun	Se valor for informado, então deve ser igual ou maior que 0 e menor ou igual o valor do serviço.			Rej.	E0704	Se o valor for informado, então deve ser igual ou maior que 0 e menor ou igual o valor do serviço.	1	V	X	V	X	-
537		NFSe/infNFSe/DPS/infDPS/valores/trib/totalTrib	pTotTrib	-			-	-	-	-	-	-	-	-	-
538		NFSe/infNFSe/DPS/infDPS/valores/trib/totalTrib/pTotTrib	pTotTribFed	Se a alíquota for informada, então deve ser igual ou maior que 0 e menor ou igual a 100%.			Rej.	E0706	Se a alíquota for informada, então deve ser igual ou maior que 0 e menor ou igual a 100%.	1	V	X	V	X	-
539		NFSe/infNFSe/DPS/infDPS/valores/trib/totalTrib/pTotTrib	pTotTribEst	Se a alíquota for informada, então deve ser igual ou maior que 0 e menor ou igual a 100%.			Rej.	E0707	Se a alíquota for informada, então deve ser igual ou maior que 0 e menor ou igual a 100%.	1	V	X	V	X	-
540		NFSe/infNFSe/DPS/infDPS/valores/trib/totalTrib/pTotTrib	pTotTribMun	Se a alíquota for informada, então deve ser igual ou maior que 0 e menor ou igual a 100%.			Rej.	E0708	Se a alíquota for informada, então deve ser igual ou maior que 0 e menor ou igual a 100%.	1	V	X	V	X	-
541		NFSe/infNFSe/DPS/infDPS/valores/trib/totTrib/	indTotTrib	Se a situação do emitente da DPS perante o Simples Nacional na data de competência informada for ME/EPP, o choice indTotTrib nunca poderá ser informado.			Rej.	E0712	Para ME/EPP indTotTrib nunca poderá ser informado.	1	V	X	X	X	-
542							Rej.	E0713	Para Não Optante do SN os campos, indicador de informação de valor total de tributos e  percentual aproximado do total dos tributos da alíquota do Simples Nacional (%), não podem ser informado.	1	V	X	X	X	-
543		NFSe/infNFSe/DPS/infDPS/valores/trib/totTrib/	pTotTribSN
544							Rej.	E0710	Para MEI pTotTribSN nunca poderá ser informado.	1	V	X	X	X	-
545		NFSe/infNFSe/DPS/infDPS/	IBSCBS	É permitido declarar informações de IBS/CBS somente a partir da data de competência 01/01/2026.			Rej.	E0850	É permitido declarar informações de IBS/CBS somente a partir da data de competência 01/01/2026.	1	V	V	V	V	-
546							Rej.	E0854	Somente é permitio declarar informações de IBS/CBS a partir da versão 1,01 da DPS.	1	V	V	V	V	-
547		NFSe/infNFSe/DPS/infDPS/IBSCBS/	finNFSe	-			-	-	-	-	-	-	-	-	-
548		NFSe/infNFSe/DPS/infDPS/IBSCBS/	indFinal	-			-	-	-	-	-	-	-	-	-
549		NFSe/infNFSe/DPS/infDPS/IBSCBS/	cIndOp	O código indicador da operação deve constar na tabela de códigos conforme ANEXO C.			Rej.	E0901	Código indicador da operação inexistente.	1	V	V	V	V	-
550		NFSe/infNFSe/DPS/infDPS/IBSCBS/	tpOper	tpOper deve ser informado se tpEnteGov for informado ou se o serviço prestado (cTribNac) corresponder aos serviços listados da LC 116/2003 (e seus correspondentes na NBS): 25.05; 15.09; 17.12; 10.05.			Rej.	E0903	Código do tipo de Operação (tpOper) deve ser informado quando se tratar de uma compra governamental ou um dos serviços da LC 116/2003 listados: 25.05; 15.09; 17.12; 10.05.	1	V	V	V	V	-
551							Rej.	E0904	Código do tipo de Operação (tpOper) não pode ser informado quando não se tratar de uma compra governamental ou um dos serviços da LC 116/2003 listados: 25.05; 15.09; 17.12; 10.05.	1	V	V	V	V	-
552		NFSe/infNFSe/DPS/infDPS/IBSCBS/	gRefNFSe	O grupo de documentos referenciados (gRefNFSe) deve ser informado quando tpOper = 2 ou 3.			Rej.	E0905	O grupo de documentos referenciados deve ser informado para o tipo de operação (tpOper).	1	V	V	V	V	-
553							Rej.	E0906	O grupo de documentos referenciados não pode ser informado para o tipo de operação (tpOper).	1	V	V	V	V	-
554		NFSe/infNFSe/DPS/infDPS/IBSCBS/gRefNFSe/	refNFSe	A chave NFS-e referenciada deve ser uma chave válida (validar DV)			Rej.	E0907	NFS-e referenciada é inválida.	1	V	V	V	V	-
555		NFSe/infNFSe/DPS/infDPS/IBSCBS/	tpEnteGov	-			-	-	-	-	-	-	-	-	-
556		NFSe/infNFSe/DPS/infDPS/IBSCBS/	indDest	-			-	-	-	-	-	-	-	-	-
557		NFSe/infNFSe/DPS/infDPS/IBSCBS/	dest	O destinatário só deve ser identificado quando indDest for 1.			Rej.	E0910	O destinatário não deve ser identificado para o código indicador indDest informado.	1	V	V	V	V	-
558		NFSe/infNFSe/DPS/infDPS/IBSCBS/dest/	CNPJ	CNPJ informado na DPS é inválido (verificar DV).			Rej.	E0911	CNPJ do destinatário informado na DPS é inválido.	1	V	V	V	V	-
559							Rej.	E0912	CNPJ do destinatário não encontrado no cadastro CNPJ na data de competência.	1	V	V	X	X	-
560		NFSe/infNFSe/DPS/infDPS/IBSCBS/dest/	CPF	CPF informado na DPS é inválido (verificar DV).			Rej.	E0913	CPF do destinatário informado na DPS é inválido.	1	V	V	V	V	-
561							Rej.	E0914	CPF do destinatário não encontrado no cadastro CPF na data de competência.	1	V	V	X	X	-
562		NFSe/infNFSe/DPS/infDPS/IBSCBS/dest/	NIF	-			-	-	-	-	-	-	-	-	-
563		NFSe/infNFSe/DPS/infDPS/IBSCBS/dest/	cNaoNIF	-			-	-	-	-	-	-	-	-	-
564		NFSe/infNFSe/DPS/infDPS/IBSCBS/dest/	xNome	-			-	-	-	-	-	-	-	-	-
565		NFSe/infNFSe/DPS/infDPS/IBSCBS/dest	end	-			-	-	-	-	-	-	-	-	-
566		NFSe/infNFSe/DPS/infDPS/IBSCBS/dest/end	endNac	-			-	-	-	-	-	-	-	-	-
567		NFSe/infNFSe/DPS/infDPS/IBSCBS/dest/end/endNac/	cMun	O código do município para o endereço do destinatário do serviço não existe, conforme tabela IBGE.			Rej.	E0920	O código do município para o endereço do destinatário do serviço não existe conforme tabela de município do IBGE.	1	V	V	V	V	-
568							Rej.	E0921	O código do município informado na DPS para o endereço do destinatário do serviço, identificado pelo CNPJ, não corresponde ao município registrado em seus cadastros na data de competência informada na DPS.	1	V	V	V	V	-
569							Rej.	E0922	O código do município informado na DPS para o endereço do destinatário do serviço, identificado pelo CPF, não corresponde ao município registrado em seus cadastros na data de competência informada na DPS.	1	V	V	V	V	-
570		NFSe/infNFSe/DPS/infDPS/IBSCBS/dest/end/endNac/	CEP	-			-	-	-	-	-	-	-	-	-
571		NFSe/infNFSe/DPS/infDPS/IBSCBS/dest/end	endExt	-			-	-	-	-	-	-	-	-	-
572		NFSe/infNFSe/DPS/infDPS/IBSCBS/dest/end/endExt/	cPais	-			-	-	-	-	-	-	-	-	-
573		NFSe/infNFSe/DPS/infDPS/IBSCBS/dest/end/endExt/	cEndPost	-			-	-	-	-	-	-	-	-	-
574		NFSe/infNFSe/DPS/infDPS/IBSCBS/dest/end/endExt/	xCidade	-			-	-	-	-	-	-	-	-	-
575		NFSe/infNFSe/DPS/infDPS/IBSCBS/dest/end/endExt/	xEstProvReg	-			-	-	-	-	-	-	-	-	-
576		NFSe/infNFSe/DPS/infDPS/IBSCBS/dest/end/	xLgr	-			-	-	-	-	-	-	-	-	-
577		NFSe/infNFSe/DPS/infDPS/IBSCBS/dest/end/	nro	-			-	-	-	-	-	-	-	-	-
578		NFSe/infNFSe/DPS/infDPS/IBSCBS/dest/end/	xCpl	-			-	-	-	-	-	-	-	-	-
579		NFSe/infNFSe/DPS/infDPS/IBSCBS/dest/end/	xBairro	-			-	-	-	-	-	-	-	-	-
580		NFSe/infNFSe/DPS/infDPS/IBSCBS/dest/	fone	-			-	-	-	-	-	-	-	-	-
581		NFSe/infNFSe/DPS/infDPS/IBSCBS/dest/	email	E-mail deve ser informado conforme estrutura (conter @, ponto etc.).			Rej.	E0930	E-mail inválido.	1	V	V	V	V	-
582		NFSe/infNFSe/DPS/infDPS/IBSCBS/	imovel	Se o código de tributação nacional (cTribNac) pertencer a um dos subitens, 07.02.01, 07.02.02, 07.04.01, 07.05,01, 07.05.02, 07.06.01, 07.06.02, 07.07.01, 07.08.01, 07.17.01 e 07.19.01 da lista de serviços, então o grupo de informações de imóvel não é permitido. 			Rej.	E0931	Não é permitido o grupo de informações relativo a imóvel quando o código de tributação nacional, relativo à construção civil, for infomado na DPS.	1	V	V	V	V	-
583							Rej.	E0932	É obrigatório o grupo de informações relativo ao imóvel na DPS quando o código indicador da operação informado for relacionado à imóvel conforme a tabela IndOp do ANEXO_C-INDOP_IBSCBS-SNNFSe-ESPEC.	1	V	V	V	V	-
584							Rej.	E0928	Não é permitido o grupo de informações relativo a imóvel quando o código de tributação nacional (cTribNac) não pertencer a algum dos subitens 07.02.01, 07.02.02, 07.04.01, 07.05,01, 07.05.02, 07.06.01, 07.06.02, 07.07.01, 07.08.01, 07.17.01 e 07.19.01 da lista de serviços e, o código indicador da operação (cIndOp) não for relativo a operações com imóveis (020101, 020201 ou 020301), conforme a tabela IndOp do ANEXO_C-INDOP_IBSCBS-SNNFSe-ESPEC.	1	V	V	V	V	-
585		NFSe/infNFSe/DPS/infDPS/IBSCBS/imovel/	inscImobFisc	-			-	-	-	-	-	-	-	-	-
586		NFSe/infNFSe/DPS/infDPS/IBSCBS/imovel/	cCIB	Código do Cadastro Imobiliário Brasileito - CIB deve ser um código válido - 7 caracteres + DV			Rej.	E0933	Código CIB inválido.	1	V	V	V	V	-
587		NFSe/infNFSe/DPS/infDPS/IBSCBS/imovel/	end	-			-	-	-	-	-	-	-	-	-
588		NFSe/infNFSe/DPS/infDPS/IBSCBS/imovel/end/	CEP	-			-	-	-	-	-	-	-	-	-
589		NFSe/infNFSe/DPS/infDPS/IBSCBS/imovel/end/	endExt	Se o pais local da prestação do serviço foi informado (cPaisPrestacao foi informado), então o grupo de informações de endereço no exterior deve ser informado.			Rej.	E0934	O grupo de informações de endereço da atividade sobre bem imóvel ocorrido no exterior deve ser informado quando o país do local da prestação for informado na DPS.	1	V	V	V	V	-
590							Rej.	E0935	O grupo de informações de endereço da atividade sobre bem imóvel ocorrido no exterior não deve ser informado quando o município do local da prestação for informado na DPS.	1	V	V	V	V	-
591		NFSe/infNFSe/DPS/infDPS/IBSCBS/imovel/end/endExt/	cEndPost	-			-	-	-	-	-	-	-	-	-
592		NFSe/infNFSe/DPS/infDPS/IBSCBS/imovel/end/endExt/	xCidade	-			-	-	-	-	-	-	-	-	-
593		NFSe/infNFSe/DPS/infDPS/IBSCBS/imovel/end/endExt/	xEstProvReg	-			-	-	-	-	-	-	-	-	-
594		NFSe/infNFSe/DPS/infDPS/IBSCBS/imovel/end/	xLgr	-			-	-	-	-	-	-	-	-	-
595		NFSe/infNFSe/DPS/infDPS/IBSCBS/imovel/end/	nro	-			-	-	-	-	-	-	-	-	-
596		NFSe/infNFSe/DPS/infDPS/IBSCBS/imovel/end/	xCpl	-			-	-	-	-	-	-	-	-	-
597		NFSe/infNFSe/DPS/infDPS/IBSCBS/imovel/end/	xBairro	-			-	-	-	-	-	-	-	-	-
598		NFSe/infNFSe/DPS/infDPS/IBSCBS/	valores	-			-	-	-	-	-	-	-	-	-
599		NFSe/infNFSe/DPS/infDPS/IBSCBS/valores/	gReeRepRes	-			-	-	-	-	-	-	-	-	-
600		NFSe/infNFSe/DPS/infDPS/IBSCBS/valores/gReeRepRes/	documentos	-			-	-	-	-	-	-	-	-	-
601		NFSe/infNFSe/DPS/infDPS/IBSCBS/valores/gReeRepRes/documentos	dFeNacional	-			-	-	-	-	-	-	-	-	-
602		NFSe/infNFSe/DPS/infDPS/IBSCBS/valores/gReeRepRes/documentos/dFeNacional/	tipoChaveDFe	-			-	-	-	-	-	-	-	-	-
603		NFSe/infNFSe/DPS/infDPS/IBSCBS/valores/gReeRepRes/documentos/dFeNacional/	xTipoChaveDFe	-			-	-	-	-	-	-	-	-	-
604		NFSe/infNFSe/DPS/infDPS/IBSCBS/valores/gReeRepRes/documentos/dFeNacional/	chaveDFe	A chave do Documento Fiscal eletrônico - DF-e deve estar no formato DF-e indicado no tipo. \n Verificar tamanho: NFSe - 50 dígitos e NFe e CTe - 44 dígitos			Rej.	E0940	Chave DF-e incorreta.	1	V	V	V	V	-
605							-	-	-	-	-	-	-	-	-
606		NFSe/infNFSe/DPS/infDPS/IBSCBS/valores/gReeRepRes/documentos	docFiscalOutro	Outros documentos fiscais só podem ser informados se a data de competência do documento (dtCompDoc) for anterior a 31/12/2025.			Rej.	E0942	Outros documentos ficais fiscais não podem ser informados quando a data de competência for posterior a 31 de dezembro de 2025.	1	V	V	V	V	-
607		NFSe/infNFSe/DPS/infDPS/IBSCBS/valores/gReeRepRes/documentos/docFiscalOutro/	cMunDocFiscal	O código deve existir conforme tabela de município do IBGE.			Rej.	E0943	O código do município emissor do documento fiscal para fins de reembolso, repasse e ressarcimento que não está no repositório nacional está incorreto.	1	V	V	V	V	-
608		NFSe/infNFSe/DPS/infDPS/IBSCBS/valores/gReeRepRes/documentos/docFiscalOutro/	nDocFiscal	-			-	-	-	-	-	-	-	-	-
609		NFSe/infNFSe/DPS/infDPS/IBSCBS/valores/gReeRepRes/documentos/docFiscalOutro/	xDocFiscal	-			-	-	-	-	-	-	-	-	-
610		NFSe/infNFSe/DPS/infDPS/IBSCBS/valores/gReeRepRes/documentos	docOutro	-			-	-	-	-	-	-	-	-	-
611		NFSe/infNFSe/DPS/infDPS/IBSCBS/valores/gReeRepRes/documentos/docOutro/	nDoc	-			-	-	-	-	-	-	-	-	-
612		NFSe/infNFSe/DPS/infDPS/IBSCBS/valores/gReeRepRes/documentos/docOutro/	xDoc	-			-	-	-	-	-	-	-	-	-
613		NFSe/infNFSe/DPS/infDPS/IBSCBS/valores/gReeRepRes/documentos	fornec	-			-	-	-	-	-	-	-	-	-
614		NFSe/infNFSe/DPS/infDPS/IBSCBS/valores/gReeRepRes/documentos/fornec/	CNPJ	CNPJ informado na DPS é inválido (verificar DV).			Rej.	E0945	CNPJ do fornecedor de reembolso, repasse e ressarcimento informado na DPS é inválido.	1	V	V	V	V	-
615							Rej.	E0946	CNPJ do fornecedor de reembolso, repasse e ressarcimento informado não encontrado no cadastro CNPJ na data de competência.	1	V	V	X	X	-
616		NFSe/infNFSe/DPS/infDPS/IBSCBS/valores/gReeRepRes/documentos/fornec/	CPF	CPF informado na DPS é inválido (verificar DV).			Rej.	E0947	CPF do fornecedor de reembolso, repasse e ressarcimento informado informado na DPS é inválido.	1	V	V	V	V	-
617							Rej.	E0948	CPF do fornecedor de reembolso, repasse e ressarcimento informado não encontrado no cadastro CPF na data de competência.	1	V	V	X	X	-
618		NFSe/infNFSe/DPS/infDPS/IBSCBS/valores/gReeRepRes/documentos/fornec/	NIF	-			-	-	-	-	-	-	-	-	-
619		NFSe/infNFSe/DPS/infDPS/IBSCBS/valores/gReeRepRes/documentos/fornec/	cNaoNIF	-			-	-	-	-	-	-	-	-	-
620		NFSe/infNFSe/DPS/infDPS/IBSCBS/valores/gReeRepRes/documentos/fornec/	xNome	-			-	-	-	-	-	-	-	-	-
621		NFSe/infNFSe/DPS/infDPS/IBSCBS/valores/gReeRepRes/documentos/	dtEmiDoc	Data de emissão do documento tem que ser igual ou posterior à data de competência (dtCompDoc)			Rej.	E0950	Data de emissão do documento tem que ser igual ou posterior à data de competência (dtCompDoc)	1	V	V	V	V	-
622		NFSe/infNFSe/DPS/infDPS/IBSCBS/valores/gReeRepRes/documentos/	dtCompDoc	Data de competência do documento tem que ser igual ou anterior à data de emissão (dtEmiDoc)			Rej.	E0951	Data de competência do documento tem que ser igual ou anterior à data de emissão (dtEmiDoc)	1	V	V	V	V	-
623		NFSe/infNFSe/DPS/infDPS/IBSCBS/valores/gReeRepRes/documentos/	tpReeRepRes	-			-	-	-	-	-	-	-	-	-
624		NFSe/infNFSe/DPS/infDPS/IBSCBS/valores/gReeRepRes/documentos/	xTpReeRepRes	A descrição do tipo de reembolso, repasse e ressarcimento só deve ser informada quando o tpReeRepRes = 99			Rej.	E0952	A descrição do tipo de reembolso, repasse e ressarcimento não deve ser preenchida.	1	V	V	V	V	-
625		NFSe/infNFSe/DPS/infDPS/IBSCBS/valores/gReeRepRes/documentos/	vlrReeRepRes	O valor reembolso, repasse e ressarcimento deve ser menor ou igual ao valor do serviço prestado.			Rej.	E0953	O valor reembolso, repasse e ressarcimento deve ser menor ou igual ao valor do serviço prestado.	1	V	V	V	V	-
626		NFSe/infNFSe/DPS/infDPS/IBSCBS/valores/	trib	-			-	-	-	-	-	-	-	-	-
627		NFSe/infNFSe/DPS/infDPS/IBSCBS/valores/trib/	gIBSCBS	-			-	-	-	-	-	-	-	-	-
628		NFSe/infNFSe/DPS/infDPS/IBSCBS/valores/trib/gIBSCBS/	CST	-			-	-	-	-	-	-	-	-	-
629		NFSe/infNFSe/DPS/infDPS/IBSCBS/valores/trib/gIBSCBS/	cClassTrib	Código da classificação tributária - cClassTrib informado não é suportado para as operações de prestação de serviços (validoParaSiglaDfeInformado = false)			Rej.	E0958	cClassTrib para IBS/CBS incorreto para operação de prestação de serviços.	1	V	V	V	V	CALCULADORA
630							Rej.	E0959	cClassTrib não pertence ao grupo CST indicado.	1	V	V	V	V	-
631		NFSe/infNFSe/DPS/infDPS/IBSCBS/valores/trib/gIBSCBS/	cCredPres	-			-	-	-	-	-	-	-	-	-
632							-	-	-	-	-	-	-	-	-
633							-	-	-	-	-	-	-	-	-
634							-	-	-	-	-	-	-	-	-
635		NFSe/infNFSe/DPS/infDPS/IBSCBS/valores/trib/gIBSCBS/	gTribRegular	Grupo de tributação regular não deve ser informado quando o indicador para tributação regular (exigeGrupoTributacaoRegular) para o Código da Classificação Tributária - cClassTribIBSCBS for igual a false.			Rej.	E0964	Grupo de tributação regular não deve ser informado.	1	V	V	V	V	CALCULADORA
636							Rej.	E0965	Grupo de tributação regular deve ser informado.	1	V	V	V	V	CALCULADORA
637		NFSe/infNFSe/DPS/infDPS/IBSCBS/valores/trib/gIBSCBS/gTribRegular/	CSTReg	-			-	-	-	-	-	-	-	-	-
638		NFSe/infNFSe/DPS/infDPS/IBSCBS/valores/trib/gIBSCBS/gTribRegular/	cClassTribReg	Código da classificação tributária - cClassTribReg informado não é suportado para as operações de prestação de serviços (validoParaSiglaDfeInformado = false)			Rej.	E0969	cClassTribReg para IBS/CBS incorreto para operação de prestação de serviços.	1	V	V	V	V	CALCULADORA
639							Rej.	E0970	cClassTribReg não pertence ao grupo CST indicado em CSTReg.	1	V	V	V	V	-
640		NFSe/infNFSe/DPS/infDPS/IBSCBS/valores/trib/gIBSCBS/	gDif	O código da situação tributária (cClassTribIBSCBS ) possui indicador que não permite o uso de diferimento (permiteDiferimento=false)			Rej.	E0971	Grupo de diferimento para IBS/CBS não deve ser informado.	1	V	V	V	V	CALCULADORA
641							Rej.	E0972	Grupo de diferimento para IBS/CBS deve ser informado.	1	V	V	V	V	CALCULADORA
642		NFSe/infNFSe/DPS/infDPS/IBSCBS/valores/trib/gIBSCBS/gDif/	pDifUF	-			-	-	-	-	-	-	-	-	-
643		NFSe/infNFSe/DPS/infDPS/IBSCBS/valores/trib/gIBSCBS/gDif/	pDifMun	-			-	-	-	-	-	-	-	-	-
644		NFSe/infNFSe/DPS/infDPS/IBSCBS/valores/trib/gIBSCBS/gDif/	pDifCBS	-			-	-	-	-	-	-	-	-	-
645		NFSe/infNFSe/DPS/	Signature	A assinatura da DPS deve ser válida.			Rej.	E0714	Arquivo enviado com erro na assinatura.	1	V	X	X	X	-
646							Rej.	E0715	Certificado Digital da assinatura inválido.	1	V	X	X	X	-
647							Rej.	E0716	Certificado Digital fora do padrão estabelecido.	1	V	X	X	X	-
648							Rej.	E0717	A assinatura é obrigatória quando for enviado para o Web Service.	1	V	X	X	X	-
649							Rej.	E0718	A assinatura deve ser feita com o certificado digital do emitente da DPS. \n 	1	V	X	X	X	-
650		NFSe/	Signature	A assinatura da NFS-e deve ser válida.			Rej.	E1630	Arquivo enviado com erro na assinatura.	1	V	V	V	V	-
651							Rej.	E1632	Certificado Digital da assinatura inválido.	1	V	V	V	V	-
652							Rej.	E1634	Certificado Digital fora do padrão estabelecido.	1	V	V	V	V	-
653							Rej.	E1636	A assinatura é obrigatória quando for enviado paraa API.	1	V	V	V	V	-
654							Rej.	E1638	A assinatura deve ser feita com o certificado digital do municiípio emissor da NFS-e.	1	X	X	V	V	-
655	
